frame,t_s,bar_00,bar_01,bar_02,bar_03,bar_04,bar_05,bar_06,bar_07,bar_08,bar_09,bar_10,bar_11,bar_12,bar_13,bar_14,bar_15,bar_16,bar_17,bar_18,bar_19,bar_20,bar_21,bar_22,bar_23,bar_24,bar_25,bar_26,bar_27,bar_28,bar_29
0,0.000000,0.000000,0.000000,0.000000,0.000000,0.000000,0.000000,0.000000,0.000000,0.000000,0.000000,0.000000,0.000000,0.000000,0.000000,0.000000,0.000000,0.000000,0.000000,0.000000,0.000000,0.000000,0.000000,0.000000,0.000000,0.000000,0.000000,0.000000,0.000000,0.000000,0.000000
1,0.016667,0.000000,0.000000,0.000000,0.000000,0.000000,0.000000,0.000000,0.000000,0.000000,0.000000,0.000000,0.000000,0.000000,0.000000,0.000000,0.000000,0.000000,0.000000,0.000000,0.000000,0.000000,0.000000,0.000000,0.000000,0.000000,0.000000,0.000000,0.000000,0.000000,0.000000
2,0.033333,0.000000,0.000000,0.000000,0.000000,0.000000,0.000000,0.000000,0.000000,0.000000,0.000000,0.000000,0.000000,0.000000,0.000000,0.000000,0.000000,0.000000,0.000000,0.000000,0.000000,0.000000,0.000000,0.000000,0.000000,0.000000,0.000000,0.000000,0.000000,0.000000,0.000000
3,0.050000,0.000000,0.000000,0.000000,0.000000,0.000000,0.000000,0.000000,0.000000,0.000000,0.000000,0.000000,0.000000,0.000000,0.000000,0.000000,0.000000,0.000000,0.000000,0.000000,0.000000,0.000000,0.000000,0.000000,0.000000,0.000000,0.000000,0.000000,0.000000,0.000000,0.000000
4,0.066667,0.000000,0.000000,0.000000,0.000000,0.000000,0.000000,0.000000,0.000000,0.000000,0.000000,0.000000,0.000000,0.000000,0.000000,0.000000,0.000000,0.000000,0.000000,0.000000,0.000000,0.000000,0.000000,0.000000,0.000000,0.000000,0.000000,0.000000,0.000000,0.000000,0.000000
5,0.083333,0.000000,0.000000,0.000000,0.000000,0.000000,0.000000,0.000000,0.000000,0.000000,0.000000,0.000000,0.000000,0.000000,0.000000,0.000000,0.000000,0.000000,0.000000,0.000000,0.000000,0.000000,0.000000,0.000000,0.000000,0.000000,0.000000,0.000000,0.000000,0.000000,0.000000
6,0.100000,0.000000,0.000000,0.000000,0.000000,0.000000,0.000000,0.000000,0.000000,0.000000,0.000000,0.000000,0.000000,0.000000,0.000000,0.000000,0.000000,0.000000,0.000000,0.000000,0.000000,0.000000,0.000000,0.000000,0.000000,0.000000,0.000000,0.000000,0.000000,0.000000,0.000000
7,0.116667,0.000000,0.000000,0.000000,0.000000,0.000000,0.000000,0.000000,0.000000,0.000000,0.000000,0.000000,0.000000,0.000000,0.000000,0.000000,0.000000,0.000000,0.000000,0.000000,0.000000,0.000000,0.000000,0.000000,0.000000,0.000000,0.000000,0.000000,0.000000,0.000000,0.000000
8,0.133333,0.000000,0.000000,0.000000,0.000000,0.000000,0.000000,0.000000,0.000000,0.000000,0.000000,0.000000,0.000000,0.000000,0.000000,0.000000,0.000000,0.000000,0.000000,0.000000,0.000000,0.000000,0.000000,0.000000,0.000000,0.000000,0.000000,0.000000,0.000000,0.000000,0.000000
9,0.150000,0.000000,0.000000,0.000000,0.000000,0.000000,0.000000,0.000000,0.000000,0.000000,0.000000,0.000000,0.000000,0.000000,0.000000,0.000000,0.000000,0.000000,0.000000,0.000000,0.000000,0.000000,0.000000,0.000000,0.000000,0.000000,0.000000,0.000000,0.000000,0.000000,0.000000
10,0.166667,0.000000,0.000000,0.000000,0.000000,0.000000,0.000000,0.000000,0.000000,0.000000,0.000000,0.000000,0.000000,0.000000,0.000000,0.000000,0.000000,0.000000,0.000000,0.000000,0.000000,0.000000,0.000000,0.000000,0.000000,0.000000,0.000000,0.000000,0.000000,0.000000,0.000000
11,0.183333,0.000000,0.000000,0.000000,0.000000,0.000000,0.000000,0.000000,0.000000,0.000000,0.000000,0.000000,0.000000,0.000000,0.000000,0.000000,0.000000,0.000000,0.000000,0.000000,0.000000,0.000000,0.000000,0.000000,0.000000,0.000000,0.000000,0.000000,0.000000,0.000000,0.000000
12,0.200000,0.000000,0.000000,0.000000,0.000000,0.000000,0.000000,0.000000,0.000000,0.000000,0.000000,0.000000,0.000000,0.000000,0.000000,0.000000,0.000000,0.000000,0.000000,0.000000,0.000000,0.000000,0.000000,0.000000,0.000000,0.000000,0.000000,0.000000,0.000000,0.000000,0.000000
13,0.216667,0.000000,0.000000,0.000000,0.000000,0.000000,0.000000,0.000000,0.000000,0.000000,0.000000,0.000000,0.000000,0.000000,0.000000,0.000000,0.000000,0.000000,0.000000,0.000000,0.000000,0.000000,0.000000,0.000000,0.000000,0.000000,0.000000,0.000000,0.000000,0.000000,0.000000
14,0.233333,0.000000,0.000000,0.000000,0.000000,0.000000,0.000000,0.000000,0.000000,0.000000,0.000000,0.000000,0.000000,0.000000,0.000000,0.000000,0.000000,0.000000,0.000000,0.000000,0.000000,0.000000,0.000000,0.000000,0.000000,0.000000,0.000000,0.000000,0.000000,0.000000,0.000000
15,0.250000,0.000000,0.000000,0.000000,0.000000,0.000000,0.000000,0.000000,0.000000,0.000000,0.000000,0.000000,0.000000,0.000000,0.000000,0.000000,0.000000,0.000000,0.000000,0.000000,0.000000,0.000000,0.000000,0.000000,0.000000,0.000000,0.000000,0.000000,0.000000,0.000000,0.000000
16,0.266667,0.000000,0.000000,0.000000,0.000000,0.000000,0.000000,0.000000,0.000000,0.000000,0.000000,0.000000,0.000000,0.000000,0.000000,0.000000,0.000000,0.000000,0.000000,0.000000,0.000000,0.000000,0.000000,0.000000,0.000000,0.000000,0.000000,0.000000,0.000000,0.000000,0.000000
17,0.283333,0.000000,0.000000,0.000000,0.000000,0.000000,0.000000,0.000000,0.000000,0.000000,0.000000,0.000000,0.000000,0.000000,0.000000,0.000000,0.000000,0.000000,0.000000,0.000000,0.000000,0.000000,0.000000,0.000000,0.000000,0.000000,0.000000,0.000000,0.000000,0.000000,0.000000
18,0.300000,0.000000,0.000000,0.000000,0.000000,0.000000,0.000000,0.000000,0.000000,0.000000,0.000000,0.000000,0.000000,0.000000,0.000000,0.000000,0.000000,0.000000,0.000000,0.000000,0.000000,0.000000,0.000000,0.000000,0.000000,0.000000,0.000000,0.000000,0.000000,0.000000,0.000000
19,0.316667,0.000000,0.000000,0.000000,0.000000,0.000000,0.000000,0.000000,0.000000,0.000000,0.000000,0.000000,0.000000,0.000000,0.000000,0.000000,0.000000,0.000000,0.000000,0.000000,0.000000,0.000000,0.000000,0.000000,0.000000,0.000000,0.000000,0.000000,0.000000,0.000000,0.000000
20,0.333333,0.000000,0.000000,0.000000,0.000000,0.000000,0.000000,0.000000,0.000000,0.000000,0.000000,0.000000,0.000000,0.000000,0.000000,0.000000,0.000000,0.000000,0.000000,0.000000,0.000000,0.000000,0.000000,0.000000,0.000000,0.000000,0.000000,0.000000,0.000000,0.000000,0.000000
21,0.350000,0.000000,0.000000,0.000000,0.000000,0.000000,0.000000,0.000000,0.000000,0.000000,0.000000,0.000000,0.000000,0.000000,0.000000,0.000000,0.000000,0.000000,0.000000,0.000000,0.000000,0.000000,0.000000,0.000000,0.000000,0.000000,0.000000,0.000000,0.000000,0.000000,0.000000
22,0.366667,0.000000,0.000000,0.000000,0.000000,0.000000,0.000000,0.000000,0.000000,0.000000,0.000000,0.000000,0.000000,0.000000,0.000000,0.000000,0.000000,0.000000,0.000000,0.000000,0.000000,0.000000,0.000000,0.000000,0.000000,0.000000,0.000000,0.000000,0.000000,0.000000,0.000000
23,0.383333,0.000000,0.000000,0.000000,0.000000,0.000000,0.000000,0.000000,0.000000,0.000000,0.000000,0.000000,0.000000,0.000000,0.000000,0.000000,0.000000,0.000000,0.000000,0.000000,0.000000,0.000000,0.000000,0.000000,0.000000,0.000000,0.000000,0.000000,0.000000,0.000000,0.000000
24,0.400000,0.000000,0.000000,0.000000,0.000000,0.000000,0.000000,0.000000,0.000000,0.000000,0.000000,0.000000,0.000000,0.000000,0.000000,0.000000,0.000000,0.000000,0.000000,0.000000,0.000000,0.000000,0.000000,0.000000,0.000000,0.000000,0.000000,0.000000,0.000000,0.000000,0.000000
25,0.416667,0.000000,0.000000,0.000000,0.000000,0.000000,0.000000,0.000000,0.000000,0.000000,0.000000,0.000000,0.000000,0.000000,0.000000,0.000000,0.000000,0.000000,0.000000,0.000000,0.000000,0.000000,0.000000,0.000000,0.000000,0.000000,0.000000,0.000000,0.000000,0.000000,0.000000
26,0.433333,0.000000,0.000000,0.000000,0.000000,0.000000,0.000000,0.000000,0.000000,0.000000,0.000000,0.000000,0.000000,0.000000,0.000000,0.000000,0.000000,0.000000,0.000000,0.000000,0.000000,0.000000,0.000000,0.000000,0.000000,0.000000,0.000000,0.000000,0.000000,0.000000,0.000000
27,0.450000,0.000000,0.000000,0.000000,0.000000,0.000000,0.000000,0.000000,0.000000,0.000000,0.000000,0.000000,0.000000,0.000000,0.000000,0.000000,0.000000,0.000000,0.000000,0.000000,0.000000,0.000000,0.000000,0.000000,0.000000,0.000000,0.000000,0.000000,0.000000,0.000000,0.000000
28,0.466667,0.000000,0.000000,0.000000,0.000000,0.000000,0.000000,0.000000,0.000000,0.000000,0.000000,0.000000,0.000000,0.000000,0.000000,0.000000,0.000000,0.000000,0.000000,0.000000,0.000000,0.000000,0.000000,0.000000,0.000000,0.000000,0.000000,0.000000,0.000000,0.000000,0.000000
29,0.483333,0.000000,0.000000,0.000000,0.000000,0.000000,0.000000,0.000000,0.000000,0.000000,0.000000,0.000000,0.000000,0.000000,0.000000,0.000000,0.000000,0.000000,0.000000,0.000000,0.000000,0.000000,0.000000,0.000000,0.000000,0.000000,0.000000,0.000000,0.000000,0.000000,0.000000
30,0.500000,0.000000,0.000000,0.000000,0.000000,0.000000,0.000000,0.000000,0.000000,0.000000,0.000000,0.000000,0.000000,0.000000,0.000000,0.000000,0.000000,0.000000,0.000000,0.000000,0.000000,0.000000,0.000000,0.000000,0.000000,0.000000,0.000000,0.000000,0.000000,0.000000,0.000000
31,0.516667,0.000000,0.000000,0.000000,0.000000,0.000000,0.000000,0.000000,0.000000,0.000000,0.000000,0.000000,0.000000,0.000000,0.000000,0.000000,0.000000,0.000000,0.000000,0.000000,0.000000,0.000000,0.000000,0.000000,0.000000,0.000000,0.000000,0.000000,0.000000,0.000000,0.000000
32,0.533333,0.000000,0.000000,0.000000,0.000000,0.000000,0.000000,0.000000,0.000000,0.000000,0.000000,0.000000,0.000000,0.000000,0.000000,0.000000,0.000000,0.000000,0.000000,0.000000,0.000000,0.000000,0.000000,0.000000,0.000000,0.000000,0.000000,0.000000,0.000000,0.000000,0.000000
33,0.550000,0.000000,0.000000,0.000000,0.000000,0.000000,0.000000,0.000000,0.000000,0.000000,0.000000,0.000000,0.000000,0.000000,0.000000,0.000000,0.000000,0.000000,0.000000,0.000000,0.000000,0.000000,0.000000,0.000000,0.000000,0.000000,0.000000,0.000000,0.000000,0.000000,0.000000
34,0.566667,0.000000,0.000000,0.000000,0.000000,0.000000,0.000000,0.000000,0.000000,0.000000,0.000000,0.000000,0.000000,0.000000,0.000000,0.000000,0.000000,0.000000,0.000000,0.000000,0.000000,0.000000,0.000000,0.000000,0.000000,0.000000,0.000000,0.000000,0.000000,0.000000,0.000000
35,0.583333,0.000000,0.000000,0.000000,0.000000,0.000000,0.000000,0.000000,0.000000,0.000000,0.000000,0.000000,0.000000,0.000000,0.000000,0.000000,0.000000,0.000000,0.000000,0.000000,0.000000,0.000000,0.000000,0.000000,0.000000,0.000000,0.000000,0.000000,0.000000,0.000000,0.000000
36,0.600000,0.000000,0.000000,0.000000,0.000000,0.000000,0.000000,0.000000,0.000000,0.000000,0.000000,0.000000,0.000000,0.000000,0.000000,0.000000,0.000000,0.000000,0.000000,0.000000,0.000000,0.000000,0.000000,0.000000,0.000000,0.000000,0.000000,0.000000,0.000000,0.000000,0.000000
37,0.616667,0.000000,0.000000,0.000000,0.000000,0.000000,0.000000,0.000000,0.000000,0.000000,0.000000,0.000000,0.000000,0.000000,0.000000,0.000000,0.000000,0.000000,0.000000,0.000000,0.000000,0.000000,0.000000,0.000000,0.000000,0.000000,0.000000,0.000000,0.000000,0.000000,0.000000
38,0.633333,0.000000,0.000000,0.000000,0.000000,0.000000,0.000000,0.000000,0.000000,0.000000,0.000000,0.000000,0.000000,0.000000,0.000000,0.000000,0.000000,0.000000,0.000000,0.000000,0.000000,0.000000,0.000000,0.000000,0.000000,0.000000,0.000000,0.000000,0.000000,0.000000,0.000000
39,0.650000,0.000000,0.000000,0.000000,0.000000,0.000000,0.000000,0.000000,0.000000,0.000000,0.000000,0.000000,0.000000,0.000000,0.000000,0.000000,0.000000,0.000000,0.000000,0.000000,0.000000,0.000000,0.000000,0.000000,0.000000,0.000000,0.000000,0.000000,0.000000,0.000000,0.000000
40,0.666667,0.000000,0.000000,0.000000,0.000000,0.000000,0.000000,0.000000,0.000000,0.000000,0.000000,0.000000,0.000000,0.000000,0.000000,0.000000,0.000000,0.000000,0.000000,0.000000,0.000000,0.000000,0.000000,0.000000,0.000000,0.000000,0.000000,0.000000,0.000000,0.000000,0.000000
41,0.683333,0.000000,0.000000,0.000000,0.000000,0.000000,0.000000,0.000000,0.000000,0.000000,0.000000,0.000000,0.000000,0.000000,0.000000,0.000000,0.000000,0.000000,0.000000,0.000000,0.000000,0.000000,0.000000,0.000000,0.000000,0.000000,0.000000,0.000000,0.000000,0.000000,0.000000
42,0.700000,0.000000,0.000000,0.000000,0.000000,0.000000,0.000000,0.000000,0.000000,0.000000,0.000000,0.000000,0.000000,0.000000,0.000000,0.000000,0.000000,0.000000,0.000000,0.000000,0.000000,0.000000,0.000000,0.000000,0.000000,0.000000,0.000000,0.000000,0.000000,0.000000,0.000000
43,0.716667,0.000000,0.000000,0.000000,0.000000,0.000000,0.000000,0.000000,0.000000,0.000000,0.000000,0.000000,0.000000,0.000000,0.000000,0.000000,0.000000,0.000000,0.000000,0.000000,0.000000,0.000000,0.000000,0.000000,0.000000,0.000000,0.000000,0.000000,0.000000,0.000000,0.000000
44,0.733333,0.000000,0.000000,0.000000,0.000000,0.000000,0.000000,0.000000,0.000000,0.000000,0.000000,0.000000,0.000000,0.000000,0.000000,0.000000,0.000000,0.000000,0.000000,0.000000,0.000000,0.000000,0.000000,0.000000,0.000000,0.000000,0.000000,0.000000,0.000000,0.000000,0.000000
45,0.750000,0.000000,0.000000,0.000000,0.000000,0.000000,0.000000,0.000000,0.000000,0.000000,0.000000,0.000000,0.000000,0.000000,0.000000,0.000000,0.000000,0.000000,0.000000,0.000000,0.000000,0.000000,0.000000,0.000000,0.000000,0.000000,0.000000,0.000000,0.000000,0.000000,0.000000
46,0.766667,0.000000,0.000000,0.000000,0.000000,0.000000,0.000000,0.000000,0.000000,0.000000,0.000000,0.000000,0.000000,0.000000,0.000000,0.000000,0.000000,0.000000,0.000000,0.000000,0.000000,0.000000,0.000000,0.000000,0.000000,0.000000,0.000000,0.000000,0.000000,0.000000,0.000000
47,0.783333,0.000000,0.000000,0.000000,0.000000,0.000000,0.000000,0.000000,0.000000,0.000000,0.000000,0.000000,0.000000,0.000000,0.000000,0.000000,0.000000,0.000000,0.000000,0.000000,0.000000,0.000000,0.000000,0.000000,0.000000,0.000000,0.000000,0.000000,0.000000,0.000000,0.000000
48,0.800000,0.000000,0.000000,0.000000,0.000000,0.000000,0.000000,0.000000,0.000000,0.000000,0.000000,0.000000,0.000000,0.000000,0.000000,0.000000,0.000000,0.000000,0.000000,0.000000,0.000000,0.000000,0.000000,0.000000,0.000000,0.000000,0.000000,0.000000,0.000000,0.000000,0.000000
49,0.816667,0.000000,0.000000,0.000000,0.000000,0.000000,0.000000,0.000000,0.000000,0.000000,0.000000,0.000000,0.000000,0.000000,0.000000,0.000000,0.000000,0.000000,0.000000,0.000000,0.000000,0.000000,0.000000,0.000000,0.000000,0.000000,0.000000,0.000000,0.000000,0.000000,0.000000
50,0.833333,0.000000,0.000000,0.000000,0.000000,0.000000,0.000000,0.000000,0.000000,0.000000,0.000000,0.000000,0.000000,0.000000,0.000000,0.000000,0.000000,0.000000,0.000000,0.000000,0.000000,0.000000,0.000000,0.000000,0.000000,0.000000,0.000000,0.000000,0.000000,0.000000,0.000000
51,0.850000,0.000000,0.000000,0.000000,0.000000,0.000000,0.000000,0.000000,0.000000,0.000000,0.000000,0.000000,0.000000,0.000000,0.000000,0.000000,0.000000,0.000000,0.000000,0.000000,0.000000,0.000000,0.000000,0.000000,0.000000,0.000000,0.000000,0.000000,0.000000,0.000000,0.000000
52,0.866667,0.000000,0.000000,0.000000,0.000000,0.000000,0.000000,0.000000,0.000000,0.000000,0.000000,0.000000,0.000000,0.000000,0.000000,0.000000,0.000000,0.000000,0.000000,0.000000,0.000000,0.000000,0.000000,0.000000,0.000000,0.000000,0.000000,0.000000,0.000000,0.000000,0.000000
53,0.883333,0.000000,0.000000,0.000000,0.000000,0.000000,0.000000,0.000000,0.000000,0.000000,0.000000,0.000000,0.000000,0.000000,0.000000,0.000000,0.000000,0.000000,0.000000,0.000000,0.000000,0.000000,0.000000,0.000000,0.000000,0.000000,0.000000,0.000000,0.000000,0.000000,0.000000
54,0.900000,0.000000,0.000000,0.000000,0.000000,0.000000,0.000000,0.000000,0.000000,0.000000,0.000000,0.000000,0.000000,0.000000,0.000000,0.000000,0.000000,0.000000,0.000000,0.000000,0.000000,0.000000,0.000000,0.000000,0.000000,0.000000,0.000000,0.000000,0.000000,0.000000,0.000000
55,0.916667,0.000000,0.000000,0.000000,0.000000,0.000000,0.000000,0.000000,0.000000,0.000000,0.000000,0.000000,0.000000,0.000000,0.000000,0.000000,0.000000,0.000000,0.000000,0.000000,0.000000,0.000000,0.000000,0.000000,0.000000,0.000000,0.000000,0.000000,0.000000,0.000000,0.000000
56,0.933333,0.000000,0.000000,0.000000,0.000000,0.000000,0.000000,0.000000,0.000000,0.000000,0.000000,0.000000,0.000000,0.000000,0.000000,0.000000,0.000000,0.000000,0.000000,0.000000,0.000000,0.000000,0.000000,0.000000,0.000000,0.000000,0.000000,0.000000,0.000000,0.000000,0.000000
57,0.950000,0.000000,0.000000,0.000000,0.000000,0.000000,0.000000,0.000000,0.000000,0.000000,0.000000,0.000000,0.000000,0.000000,0.000000,0.000000,0.000000,0.000000,0.000000,0.000000,0.000000,0.000000,0.000000,0.000000,0.000000,0.000000,0.000000,0.000000,0.000000,0.000000,0.000000
58,0.966667,0.000000,0.000000,0.000000,0.000000,0.000000,0.000000,0.000000,0.000000,0.000000,0.000000,0.000000,0.000000,0.000000,0.000000,0.000000,0.000000,0.000000,0.000000,0.000000,0.000000,0.000000,0.000000,0.000000,0.000000,0.000000,0.000000,0.000000,0.000000,0.000000,0.000000
59,0.983333,0.000000,0.000000,0.000000,0.000000,0.000000,0.000000,0.000000,0.000000,0.000000,0.000000,0.000000,0.000000,0.000000,0.000000,0.000000,0.000000,0.000000,0.000000,0.000000,0.000000,0.000000,0.000000,0.000000,0.000000,0.000000,0.000000,0.000000,0.000000,0.000000,0.000000
60,1.000000,1.000000,1.000000,1.000000,1.000000,1.000000,1.000000,1.000000,1.000000,1.000000,1.000000,1.000000,1.000000,1.000000,1.000000,1.000000,1.000000,1.000000,1.000000,1.000000,1.000000,1.000000,1.000000,1.000000,1.000000,1.000000,1.000000,1.000000,1.000000,0.807843,0.600000
61,1.016667,1.000000,1.000000,1.000000,1.000000,1.000000,1.000000,1.000000,1.000000,1.000000,1.000000,1.000000,1.000000,1.000000,1.000000,1.000000,1.000000,1.000000,1.000000,1.000000,1.000000,1.000000,1.000000,1.000000,1.000000,1.000000,1.000000,1.000000,1.000000,1.000000,1.000000
62,1.033333,1.000000,1.000000,1.000000,1.000000,1.000000,1.000000,1.000000,1.000000,1.000000,1.000000,1.000000,1.000000,1.000000,1.000000,1.000000,1.000000,1.000000,1.000000,1.000000,1.000000,1.000000,1.000000,1.000000,1.000000,1.000000,1.000000,1.000000,1.000000,1.000000,1.000000
63,1.050000,1.000000,1.000000,1.000000,1.000000,1.000000,1.000000,1.000000,1.000000,1.000000,1.000000,1.000000,1.000000,1.000000,1.000000,1.000000,1.000000,1.000000,1.000000,1.000000,1.000000,1.000000,1.000000,1.000000,1.000000,1.000000,1.000000,1.000000,1.000000,1.000000,1.000000
64,1.066667,1.000000,1.000000,1.000000,1.000000,1.000000,1.000000,1.000000,1.000000,1.000000,1.000000,1.000000,1.000000,1.000000,1.000000,1.000000,1.000000,1.000000,1.000000,1.000000,1.000000,1.000000,1.000000,1.000000,1.000000,1.000000,1.000000,1.000000,1.000000,1.000000,1.000000
65,1.083333,1.000000,1.000000,1.000000,1.000000,1.000000,1.000000,1.000000,1.000000,1.000000,1.000000,1.000000,1.000000,1.000000,1.000000,1.000000,1.000000,1.000000,1.000000,1.000000,1.000000,1.000000,1.000000,1.000000,1.000000,1.000000,1.000000,1.000000,1.000000,1.000000,1.000000
66,1.100000,1.000000,1.000000,1.000000,1.000000,1.000000,1.000000,1.000000,1.000000,1.000000,1.000000,1.000000,1.000000,1.000000,1.000000,1.000000,1.000000,1.000000,1.000000,1.000000,1.000000,1.000000,1.000000,1.000000,1.000000,1.000000,1.000000,1.000000,1.000000,1.000000,1.000000
67,1.116667,1.000000,1.000000,1.000000,1.000000,1.000000,1.000000,1.000000,1.000000,1.000000,1.000000,1.000000,1.000000,1.000000,1.000000,1.000000,1.000000,1.000000,1.000000,1.000000,1.000000,1.000000,1.000000,1.000000,1.000000,1.000000,1.000000,1.000000,1.000000,1.000000,1.000000
68,1.133333,1.000000,1.000000,1.000000,1.000000,1.000000,1.000000,1.000000,1.000000,1.000000,1.000000,1.000000,1.000000,1.000000,1.000000,1.000000,1.000000,1.000000,1.000000,1.000000,1.000000,1.000000,1.000000,1.000000,1.000000,1.000000,1.000000,1.000000,1.000000,1.000000,1.000000
69,1.150000,1.000000,1.000000,1.000000,1.000000,1.000000,1.000000,1.000000,1.000000,1.000000,1.000000,1.000000,1.000000,1.000000,1.000000,1.000000,1.000000,1.000000,1.000000,1.000000,1.000000,1.000000,1.000000,1.000000,1.000000,1.000000,1.000000,1.000000,1.000000,1.000000,1.000000
70,1.166667,1.000000,1.000000,1.000000,1.000000,1.000000,1.000000,1.000000,1.000000,1.000000,1.000000,1.000000,1.000000,1.000000,1.000000,1.000000,1.000000,1.000000,1.000000,1.000000,1.000000,1.000000,1.000000,1.000000,1.000000,1.000000,1.000000,1.000000,1.000000,1.000000,1.000000
71,1.183333,1.000000,1.000000,1.000000,1.000000,1.000000,1.000000,1.000000,1.000000,1.000000,1.000000,1.000000,1.000000,1.000000,1.000000,1.000000,1.000000,1.000000,1.000000,1.000000,1.000000,1.000000,1.000000,1.000000,1.000000,1.000000,1.000000,1.000000,1.000000,1.000000,1.000000
72,1.200000,1.000000,1.000000,1.000000,1.000000,1.000000,1.000000,1.000000,1.000000,1.000000,1.000000,1.000000,1.000000,1.000000,1.000000,1.000000,1.000000,1.000000,1.000000,1.000000,1.000000,1.000000,1.000000,1.000000,1.000000,1.000000,1.000000,1.000000,1.000000,1.000000,1.000000
73,1.216667,1.000000,1.000000,1.000000,1.000000,1.000000,1.000000,1.000000,1.000000,1.000000,1.000000,1.000000,1.000000,1.000000,1.000000,1.000000,1.000000,1.000000,1.000000,1.000000,1.000000,1.000000,1.000000,1.000000,1.000000,1.000000,1.000000,1.000000,1.000000,1.000000,1.000000
74,1.233333,1.000000,1.000000,1.000000,1.000000,1.000000,1.000000,1.000000,1.000000,1.000000,1.000000,1.000000,1.000000,1.000000,1.000000,1.000000,1.000000,1.000000,1.000000,1.000000,1.000000,1.000000,1.000000,1.000000,1.000000,1.000000,1.000000,1.000000,1.000000,1.000000,1.000000
75,1.250000,1.000000,1.000000,1.000000,1.000000,1.000000,1.000000,1.000000,1.000000,1.000000,1.000000,1.000000,1.000000,1.000000,1.000000,1.000000,1.000000,1.000000,1.000000,1.000000,1.000000,1.000000,1.000000,1.000000,1.000000,1.000000,1.000000,1.000000,1.000000,1.000000,1.000000
76,1.266667,1.000000,1.000000,1.000000,1.000000,1.000000,1.000000,1.000000,1.000000,1.000000,1.000000,1.000000,1.000000,1.000000,1.000000,1.000000,1.000000,1.000000,1.000000,1.000000,1.000000,1.000000,1.000000,1.000000,1.000000,1.000000,1.000000,1.000000,1.000000,1.000000,1.000000
77,1.283333,1.000000,1.000000,1.000000,1.000000,1.000000,1.000000,1.000000,1.000000,1.000000,1.000000,1.000000,1.000000,1.000000,1.000000,1.000000,1.000000,1.000000,1.000000,1.000000,1.000000,1.000000,1.000000,1.000000,1.000000,1.000000,1.000000,1.000000,1.000000,1.000000,1.000000
78,1.300000,1.000000,1.000000,1.000000,1.000000,1.000000,1.000000,1.000000,1.000000,1.000000,1.000000,1.000000,1.000000,1.000000,1.000000,1.000000,1.000000,1.000000,1.000000,1.000000,1.000000,1.000000,1.000000,1.000000,1.000000,1.000000,1.000000,1.000000,1.000000,1.000000,1.000000
79,1.316667,1.000000,1.000000,1.000000,1.000000,1.000000,1.000000,1.000000,1.000000,1.000000,1.000000,1.000000,1.000000,1.000000,1.000000,1.000000,1.000000,1.000000,1.000000,1.000000,1.000000,1.000000,1.000000,1.000000,1.000000,1.000000,1.000000,1.000000,1.000000,1.000000,1.000000
80,1.333333,1.000000,1.000000,1.000000,1.000000,1.000000,1.000000,1.000000,1.000000,1.000000,1.000000,1.000000,1.000000,1.000000,1.000000,1.000000,1.000000,1.000000,1.000000,1.000000,1.000000,1.000000,1.000000,1.000000,1.000000,1.000000,1.000000,1.000000,1.000000,1.000000,0.937255
81,1.350000,1.000000,1.000000,1.000000,1.000000,1.000000,1.000000,1.000000,1.000000,1.000000,1.000000,1.000000,1.000000,1.000000,1.000000,1.000000,1.000000,1.000000,1.000000,1.000000,1.000000,1.000000,1.000000,1.000000,1.000000,1.000000,1.000000,1.000000,1.000000,1.000000,0.827451
82,1.366667,1.000000,1.000000,1.000000,1.000000,1.000000,1.000000,1.000000,1.000000,1.000000,1.000000,1.000000,1.000000,1.000000,1.000000,1.000000,1.000000,1.000000,1.000000,1.000000,1.000000,1.000000,1.000000,1.000000,1.000000,1.000000,1.000000,1.000000,1.000000,0.968627,0.717647
83,1.383333,1.000000,1.000000,1.000000,1.000000,1.000000,1.000000,1.000000,1.000000,1.000000,1.000000,1.000000,1.000000,1.000000,1.000000,1.000000,1.000000,1.000000,1.000000,1.000000,1.000000,1.000000,1.000000,1.000000,1.000000,1.000000,1.000000,1.000000,1.000000,0.815686,0.603922
84,1.400000,1.000000,1.000000,1.000000,1.000000,1.000000,1.000000,1.000000,1.000000,1.000000,1.000000,1.000000,1.000000,1.000000,1.000000,1.000000,1.000000,1.000000,1.000000,1.000000,1.000000,1.000000,1.000000,1.000000,1.000000,1.000000,1.000000,1.000000,0.917647,0.662745,0.490196
85,1.416667,1.000000,1.000000,1.000000,1.000000,1.000000,1.000000,1.000000,1.000000,1.000000,1.000000,1.000000,1.000000,1.000000,1.000000,1.000000,1.000000,1.000000,1.000000,1.000000,1.000000,1.000000,1.000000,1.000000,1.000000,1.000000,1.000000,0.988235,0.705882,0.509804,0.376471
86,1.433333,1.000000,1.000000,1.000000,1.000000,1.000000,1.000000,1.000000,1.000000,1.000000,1.000000,1.000000,1.000000,1.000000,1.000000,1.000000,1.000000,1.000000,1.000000,1.000000,1.000000,1.000000,1.000000,1.000000,1.000000,1.000000,1.000000,0.745098,0.533333,0.384314,0.286275
87,1.450000,1.000000,1.000000,1.000000,1.000000,1.000000,1.000000,1.000000,1.000000,1.000000,1.000000,1.000000,1.000000,1.000000,1.000000,1.000000,1.000000,1.000000,1.000000,1.000000,1.000000,1.000000,1.000000,1.000000,1.000000,1.000000,0.807843,0.568627,0.407843,0.298039,0.219608
88,1.466667,1.000000,1.000000,1.000000,1.000000,1.000000,1.000000,1.000000,1.000000,1.000000,1.000000,1.000000,1.000000,1.000000,1.000000,1.000000,1.000000,1.000000,1.000000,1.000000,1.000000,1.000000,1.000000,1.000000,1.000000,0.870588,0.615686,0.431373,0.313725,0.231373,0.172549
89,1.483333,1.000000,1.000000,1.000000,1.000000,1.000000,1.000000,1.000000,1.000000,1.000000,1.000000,1.000000,1.000000,1.000000,1.000000,1.000000,1.000000,1.000000,1.000000,1.000000,1.000000,1.000000,1.000000,1.000000,0.949020,0.662745,0.470588,0.333333,0.243137,0.180392,0.133333
90,1.500000,1.000000,1.000000,1.000000,1.000000,1.000000,1.000000,1.000000,1.000000,1.000000,1.000000,1.000000,1.000000,1.000000,1.000000,1.000000,1.000000,1.000000,1.000000,1.000000,1.000000,1.000000,1.000000,1.000000,0.725490,0.505882,0.360784,0.254902,0.188235,0.141176,0.105882
91,1.516667,1.000000,1.000000,1.000000,1.000000,1.000000,1.000000,1.000000,1.000000,1.000000,1.000000,1.000000,1.000000,1.000000,1.000000,1.000000,1.000000,1.000000,1.000000,1.000000,1.000000,1.000000,1.000000,0.796078,0.552941,0.388235,0.278431,0.196078,0.149020,0.113725,0.086275
92,1.533333,1.000000,1.000000,1.000000,1.000000,1.000000,1.000000,1.000000,1.000000,1.000000,1.000000,1.000000,1.000000,1.000000,1.000000,1.000000,1.000000,1.000000,1.000000,1.000000,1.000000,1.000000,0.890196,0.607843,0.423529,0.298039,0.215686,0.152941,0.117647,0.090196,0.070588
93,1.550000,1.000000,1.000000,1.000000,1.000000,1.000000,1.000000,1.000000,1.000000,1.000000,1.000000,1.000000,1.000000,1.000000,1.000000,1.000000,1.000000,1.000000,1.000000,1.000000,1.000000,1.000000,0.682353,0.466667,0.325490,0.231373,0.164706,0.121569,0.094118,0.074510,0.058824
94,1.566667,1.000000,1.000000,1.000000,1.000000,1.000000,1.000000,1.000000,1.000000,1.000000,1.000000,1.000000,1.000000,1.000000,1.000000,1.000000,1.000000,1.000000,1.000000,1.000000,1.000000,0.800000,0.525490,0.360784,0.250980,0.180392,0.129412,0.094118,0.078431,0.058824,0.047059
95,1.583333,1.000000,1.000000,1.000000,1.000000,1.000000,1.000000,1.000000,1.000000,1.000000,1.000000,1.000000,1.000000,1.000000,1.000000,1.000000,1.000000,1.000000,1.000000,1.000000,0.925490,0.623529,0.407843,0.278431,0.196078,0.141176,0.101961,0.074510,0.062745,0.050980,0.039216
96,1.600000,1.000000,1.000000,1.000000,1.000000,1.000000,1.000000,1.000000,1.000000,1.000000,1.000000,1.000000,1.000000,1.000000,1.000000,1.000000,1.000000,1.000000,1.000000,1.000000,0.729412,0.490196,0.317647,0.215686,0.152941,0.109804,0.082353,0.058824,0.050980,0.043137,0.035294
97,1.616667,1.000000,1.000000,1.000000,1.000000,1.000000,1.000000,1.000000,1.000000,1.000000,1.000000,1.000000,1.000000,1.000000,1.000000,1.000000,1.000000,1.000000,1.000000,0.933333,0.580392,0.388235,0.247059,0.168627,0.121569,0.090196,0.066667,0.047059,0.043137,0.035294,0.031373
98,1.633333,1.000000,1.000000,1.000000,1.000000,1.000000,1.000000,1.000000,1.000000,1.000000,1.000000,1.000000,1.000000,1.000000,1.000000,1.000000,1.000000,1.000000,1.000000,0.764706,0.466667,0.313725,0.196078,0.133333,0.094118,0.070588,0.050980,0.039216,0.039216,0.031373,0.027451
99,1.650000,1.000000,1.000000,1.000000,1.000000,1.000000,1.000000,1.000000,1.000000,1.000000,1.000000,1.000000,1.000000,1.000000,1.000000,1.000000,1.000000,1.000000,1.000000,0.635294,0.380392,0.250980,0.156863,0.105882,0.074510,0.058824,0.043137,0.031373,0.031373,0.027451,0.023529
100,1.666667,1.000000,1.000000,1.000000,1.000000,1.000000,1.000000,1.000000,1.000000,1.000000,1.000000,1.000000,1.000000,1.000000,1.000000,1.000000,1.000000,1.000000,1.000000,0.533333,0.313725,0.207843,0.125490,0.086275,0.062745,0.047059,0.035294,0.027451,0.027451,0.023529,0.019608
101,1.683333,1.000000,1.000000,1.000000,1.000000,1.000000,1.000000,1.000000,1.000000,1.000000,1.000000,1.000000,1.000000,1.000000,1.000000,1.000000,1.000000,1.000000,0.878431,0.450980,0.258824,0.168627,0.101961,0.070588,0.050980,0.039216,0.031373,0.023529,0.023529,0.019608,0.019608
102,1.700000,1.000000,1.000000,1.000000,1.000000,1.000000,1.000000,1.000000,1.000000,1.000000,1.000000,1.000000,1.000000,1.000000,1.000000,1.000000,1.000000,1.000000,0.768627,0.388235,0.219608,0.141176,0.082353,0.054902,0.039216,0.031373,0.023529,0.019608,0.023529,0.019608,0.015686
103,1.716667,1.000000,1.000000,1.000000,1.000000,1.000000,1.000000,1.000000,1.000000,1.000000,1.000000,1.000000,1.000000,1.000000,1.000000,1.000000,1.000000,1.000000,0.678431,0.333333,0.184314,0.121569,0.066667,0.047059,0.035294,0.027451,0.019608,0.015686,0.019608,0.015686,0.015686
104,1.733333,1.000000,1.000000,1.000000,1.000000,1.000000,1.000000,1.000000,1.000000,1.000000,1.000000,1.000000,1.000000,1.000000,1.000000,1.000000,1.000000,1.000000,0.596078,0.290196,0.156863,0.101961,0.058824,0.039216,0.027451,0.023529,0.019608,0.015686,0.015686,0.015686,0.015686
105,1.750000,1.000000,1.000000,1.000000,1.000000,1.000000,1.000000,1.000000,1.000000,1.000000,1.000000,1.000000,1.000000,1.000000,1.000000,1.000000,1.000000,1.000000,0.529412,0.254902,0.133333,0.086275,0.047059,0.031373,0.023529,0.019608,0.015686,0.011765,0.015686,0.011765,0.011765
106,1.766667,1.000000,1.000000,1.000000,1.000000,1.000000,1.000000,1.000000,1.000000,1.000000,1.000000,1.000000,1.000000,1.000000,1.000000,1.000000,1.000000,1.000000,0.466667,0.219608,0.117647,0.074510,0.039216,0.027451,0.019608,0.015686,0.011765,0.011765,0.015686,0.011765,0.011765
107,1.783333,1.000000,1.000000,1.000000,1.000000,1.000000,1.000000,1.000000,1.000000,1.000000,1.000000,1.000000,1.000000,1.000000,1.000000,1.000000,1.000000,0.996078,0.411765,0.192157,0.098039,0.062745,0.035294,0.023529,0.015686,0.015686,0.011765,0.007843,0.011765,0.007843,0.011765
108,1.800000,1.000000,1.000000,1.000000,1.000000,1.000000,1.000000,1.000000,1.000000,1.000000,1.000000,1.000000,1.000000,1.000000,1.000000,1.000000,1.000000,0.878431,0.360784,0.168627,0.086275,0.054902,0.027451,0.019608,0.011765,0.011765,0.007843,0.007843,0.011765,0.007843,0.007843
109,1.816667,1.000000,1.000000,1.000000,1.000000,1.000000,1.000000,1.000000,1.000000,1.000000,1.000000,1.000000,1.000000,1.000000,1.000000,1.000000,1.000000,0.768627,0.313725,0.145098,0.070588,0.047059,0.023529,0.015686,0.011765,0.011765,0.007843,0.007843,0.007843,0.007843,0.007843
110,1.833333,1.000000,1.000000,1.000000,1.000000,1.000000,1.000000,1.000000,1.000000,1.000000,1.000000,1.000000,1.000000,1.000000,1.000000,1.000000,1.000000,0.658824,0.266667,0.121569,0.062745,0.039216,0.019608,0.015686,0.007843,0.007843,0.003922,0.003922,0.007843,0.003922,0.007843
111,1.850000,1.000000,1.000000,1.000000,1.000000,1.000000,1.000000,1.000000,1.000000,1.000000,1.000000,1.000000,1.000000,1.000000,1.000000,1.000000,1.000000,0.552941,0.223529,0.101961,0.050980,0.031373,0.015686,0.011765,0.007843,0.007843,0.003922,0.003922,0.007843,0.003922,0.003922
112,1.866667,1.000000,1.000000,1.000000,1.000000,1.000000,1.000000,1.000000,1.000000,1.000000,1.000000,1.000000,1.000000,1.000000,1.000000,1.000000,1.000000,0.447059,0.180392,0.082353,0.039216,0.023529,0.011765,0.007843,0.003922,0.003922,0.003922,0.003922,0.003922,0.003922,0.003922
113,1.883333,0.913725,0.913725,1.000000,1.000000,1.000000,1.000000,1.000000,1.000000,1.000000,1.000000,1.000000,1.000000,1.000000,1.000000,1.000000,1.000000,0.341176,0.137255,0.062745,0.031373,0.019608,0.007843,0.007843,0.003922,0.003922,0.000000,0.000000,0.003922,0.000000,0.003922
114,1.900000,1.000000,1.000000,1.000000,1.000000,1.000000,1.000000,1.000000,1.000000,1.000000,1.000000,1.000000,1.000000,1.000000,1.000000,1.000000,0.827451,0.258824,0.101961,0.047059,0.023529,0.011765,0.007843,0.003922,0.007843,0.003922,0.003922,0.003922,0.003922,0.003922,0.000000
115,1.916667,1.000000,1.000000,1.000000,1.000000,1.000000,1.000000,1.000000,1.000000,1.000000,1.000000,1.000000,1.000000,1.000000,1.000000,1.000000,1.000000,0.494118,0.196078,0.086275,0.039216,0.023529,0.011765,0.003922,0.007843,0.003922,0.007843,0.003922,0.000000,0.007843,0.000000
116,1.933333,1.000000,1.000000,1.000000,1.000000,1.000000,1.000000,1.000000,1.000000,1.000000,1.000000,1.000000,1.000000,1.000000,1.000000,1.000000,1.000000,0.662745,0.262745,0.113725,0.054902,0.035294,0.015686,0.007843,0.011765,0.007843,0.007843,0.007843,0.003922,0.007843,0.003922
117,1.950000,1.000000,1.000000,1.000000,1.000000,1.000000,1.000000,1.000000,1.000000,1.000000,1.000000,1.000000,1.000000,1.000000,1.000000,1.000000,1.000000,0.784314,0.309804,0.137255,0.062745,0.039216,0.019608,0.007843,0.011765,0.007843,0.007843,0.007843,0.007843,0.007843,0.003922
118,1.966667,1.000000,1.000000,1.000000,1.000000,1.000000,1.000000,1.000000,1.000000,1.000000,1.000000,1.000000,1.000000,1.000000,1.000000,1.000000,1.000000,0.870588,0.341176,0.149020,0.070588,0.043137,0.019608,0.011765,0.011765,0.011765,0.007843,0.007843,0.007843,0.011765,0.007843
119,1.983333,1.000000,1.000000,1.000000,1.000000,1.000000,1.000000,1.000000,1.000000,1.000000,1.000000,1.000000,1.000000,1.000000,1.000000,1.000000,1.000000,0.925490,0.364706,0.160784,0.074510,0.047059,0.023529,0.011765,0.011765,0.011765,0.011765,0.007843,0.007843,0.011765,0.007843
120,2.000000,1.000000,1.000000,1.000000,1.000000,1.000000,1.000000,1.000000,1.000000,1.000000,1.000000,1.000000,1.000000,1.000000,1.000000,1.000000,1.000000,0.956863,0.376471,0.164706,0.078431,0.047059,0.023529,0.015686,0.011765,0.011765,0.011765,0.007843,0.011765,0.011765,0.007843
121,2.016667,1.000000,1.000000,1.000000,1.000000,1.000000,1.000000,1.000000,1.000000,1.000000,1.000000,1.000000,1.000000,1.000000,1.000000,1.000000,1.000000,0.972549,0.380392,0.168627,0.078431,0.050980,0.023529,0.015686,0.011765,0.011765,0.011765,0.007843,0.011765,0.011765,0.007843
122,2.033333,1.000000,1.000000,1.000000,1.000000,1.000000,1.000000,1.000000,1.000000,1.000000,1.000000,1.000000,1.000000,1.000000,1.000000,1.000000,1.000000,0.972549,0.380392,0.168627,0.078431,0.050980,0.023529,0.015686,0.011765,0.011765,0.011765,0.007843,0.011765,0.011765,0.007843
123,2.050000,1.000000,1.000000,1.000000,1.000000,1.000000,1.000000,1.000000,1.000000,1.000000,1.000000,1.000000,1.000000,1.000000,1.000000,1.000000,1.000000,0.960784,0.376471,0.164706,0.078431,0.047059,0.023529,0.015686,0.011765,0.011765,0.007843,0.007843,0.011765,0.011765,0.007843
124,2.066667,1.000000,1.000000,1.000000,1.000000,1.000000,1.000000,1.000000,1.000000,1.000000,1.000000,1.000000,1.000000,1.000000,1.000000,1.000000,1.000000,0.941176,0.368627,0.160784,0.078431,0.047059,0.023529,0.015686,0.011765,0.011765,0.007843,0.007843,0.011765,0.011765,0.007843
125,2.083333,1.000000,1.000000,1.000000,1.000000,1.000000,1.000000,1.000000,1.000000,1.000000,1.000000,1.000000,1.000000,1.000000,1.000000,1.000000,1.000000,0.917647,0.360784,0.156863,0.074510,0.047059,0.023529,0.015686,0.011765,0.011765,0.007843,0.007843,0.011765,0.007843,0.007843
126,2.100000,1.000000,1.000000,1.000000,1.000000,1.000000,1.000000,1.000000,1.000000,1.000000,1.000000,1.000000,1.000000,1.000000,1.000000,1.000000,1.000000,0.886275,0.345098,0.152941,0.070588,0.043137,0.019608,0.011765,0.011765,0.011765,0.007843,0.007843,0.011765,0.007843,0.007843
127,2.116667,1.000000,1.000000,1.000000,1.000000,1.000000,1.000000,1.000000,1.000000,1.000000,1.000000,1.000000,1.000000,1.000000,1.000000,1.000000,1.000000,0.850980,0.333333,0.145098,0.070588,0.043137,0.019608,0.011765,0.011765,0.007843,0.007843,0.007843,0.007843,0.007843,0.007843
128,2.133333,1.000000,1.000000,1.000000,1.000000,1.000000,1.000000,1.000000,1.000000,1.000000,1.000000,1.000000,1.000000,1.000000,1.000000,1.000000,1.000000,0.807843,0.317647,0.137255,0.066667,0.039216,0.019608,0.011765,0.007843,0.007843,0.007843,0.007843,0.007843,0.007843,0.007843
129,2.150000,1.000000,1.000000,1.000000,1.000000,1.000000,1.000000,1.000000,1.000000,1.000000,1.000000,1.000000,1.000000,1.000000,1.000000,1.000000,1.000000,0.764706,0.298039,0.129412,0.062745,0.039216,0.019608,0.011765,0.007843,0.007843,0.007843,0.003922,0.007843,0.007843,0.007843
130,2.166667,1.000000,1.000000,1.000000,1.000000,1.000000,1.000000,1.000000,1.000000,1.000000,1.000000,1.000000,1.000000,1.000000,1.000000,1.000000,1.000000,0.721569,0.282353,0.121569,0.058824,0.035294,0.015686,0.011765,0.007843,0.007843,0.007843,0.003922,0.007843,0.007843,0.007843
131,2.183333,1.000000,1.000000,1.000000,1.000000,1.000000,1.000000,1.000000,1.000000,1.000000,1.000000,1.000000,1.000000,1.000000,1.000000,1.000000,1.000000,0.674510,0.262745,0.113725,0.054902,0.031373,0.015686,0.011765,0.007843,0.007843,0.003922,0.003922,0.007843,0.007843,0.007843
132,2.200000,1.000000,1.000000,1.000000,1.000000,1.000000,1.000000,1.000000,1.000000,1.000000,1.000000,1.000000,1.000000,1.000000,1.000000,1.000000,1.000000,0.623529,0.243137,0.105882,0.050980,0.031373,0.015686,0.007843,0.007843,0.007843,0.003922,0.003922,0.007843,0.003922,0.003922
133,2.216667,1.000000,1.000000,1.000000,1.000000,1.000000,1.000000,1.000000,1.000000,1.000000,1.000000,1.000000,1.000000,1.000000,1.000000,1.000000,1.000000,0.572549,0.223529,0.098039,0.047059,0.027451,0.011765,0.007843,0.007843,0.003922,0.003922,0.003922,0.007843,0.003922,0.003922
134,2.233333,1.000000,1.000000,1.000000,1.000000,1.000000,1.000000,1.000000,1.000000,1.000000,1.000000,1.000000,1.000000,1.000000,1.000000,1.000000,1.000000,0.517647,0.203922,0.090196,0.043137,0.023529,0.011765,0.007843,0.003922,0.003922,0.003922,0.003922,0.003922,0.003922,0.003922
135,2.250000,1.000000,1.000000,1.000000,1.000000,1.000000,1.000000,1.000000,1.000000,1.000000,1.000000,1.000000,1.000000,1.000000,1.000000,1.000000,1.000000,0.466667,0.180392,0.078431,0.035294,0.023529,0.011765,0.007843,0.003922,0.003922,0.003922,0.003922,0.003922,0.003922,0.003922
136,2.266667,1.000000,1.000000,1.000000,1.000000,1.000000,1.000000,1.000000,1.000000,1.000000,1.000000,1.000000,1.000000,1.000000,1.000000,1.000000,1.000000,0.411765,0.160784,0.070588,0.031373,0.019608,0.007843,0.007843,0.003922,0.003922,0.003922,0.000000,0.003922,0.003922,0.003922
137,2.283333,1.000000,1.000000,1.000000,1.000000,1.000000,1.000000,1.000000,1.000000,1.000000,1.000000,1.000000,1.000000,1.000000,1.000000,1.000000,1.000000,0.356863,0.137255,0.058824,0.027451,0.015686,0.007843,0.003922,0.003922,0.003922,0.000000,0.000000,0.003922,0.003922,0.003922
138,2.300000,0.843137,0.843137,0.925490,1.000000,1.000000,1.000000,1.000000,1.000000,1.000000,1.000000,1.000000,1.000000,1.000000,1.000000,1.000000,0.988235,0.301961,0.117647,0.050980,0.023529,0.015686,0.003922,0.003922,0.000000,0.003922,0.000000,0.000000,0.003922,0.000000,0.003922
139,2.316667,0.647059,0.647059,0.709804,0.776471,0.776471,0.905882,1.000000,1.000000,1.000000,1.000000,1.000000,1.000000,1.000000,1.000000,1.000000,0.803922,0.243137,0.094118,0.039216,0.019608,0.011765,0.003922,0.003922,0.000000,0.000000,0.000000,0.000000,0.000000,0.000000,0.000000
140,2.333333,0.486275,0.486275,0.537255,0.584314,0.584314,0.682353,0.968627,1.000000,1.000000,1.000000,1.000000,1.000000,1.000000,1.000000,1.000000,0.619608,0.188235,0.070588,0.031373,0.015686,0.007843,0.003922,0.003922,0.000000,0.000000,0.000000,0.000000,0.000000,0.000000,0.000000
141,2.350000,0.960784,0.960784,1.000000,1.000000,1.000000,1.000000,1.000000,1.000000,1.000000,1.000000,1.000000,1.000000,1.000000,1.000000,1.000000,0.466667,0.141176,0.054902,0.023529,0.011765,0.003922,0.000000,0.000000,0.003922,0.000000,0.000000,0.000000,0.000000,0.000000,0.000000
142,2.366667,1.000000,1.000000,1.000000,1.000000,1.000000,1.000000,1.000000,1.000000,1.000000,1.000000,1.000000,1.000000,1.000000,1.000000,1.000000,0.917647,0.278431,0.109804,0.047059,0.019608,0.011765,0.003922,0.000000,0.003922,0.000000,0.003922,0.003922,0.000000,0.003922,0.000000
143,2.383333,1.000000,1.000000,1.000000,1.000000,1.000000,1.000000,1.000000,1.000000,1.000000,1.000000,1.000000,1.000000,1.000000,1.000000,1.000000,1.000000,0.380392,0.149020,0.062745,0.031373,0.019608,0.007843,0.003922,0.003922,0.003922,0.003922,0.003922,0.000000,0.003922,0.000000
144,2.400000,1.000000,1.000000,1.000000,1.000000,1.000000,1.000000,1.000000,1.000000,1.000000,1.000000,1.000000,1.000000,1.000000,1.000000,1.000000,1.000000,0.450980,0.176471,0.078431,0.035294,0.023529,0.007843,0.003922,0.003922,0.003922,0.003922,0.003922,0.003922,0.003922,0.003922
145,2.416667,1.000000,1.000000,1.000000,1.000000,1.000000,1.000000,1.000000,1.000000,1.000000,1.000000,1.000000,1.000000,1.000000,1.000000,1.000000,1.000000,0.501961,0.196078,0.086275,0.039216,0.023529,0.011765,0.003922,0.007843,0.003922,0.003922,0.003922,0.003922,0.003922,0.003922
146,2.433333,1.000000,1.000000,1.000000,1.000000,1.000000,1.000000,1.000000,1.000000,1.000000,1.000000,1.000000,1.000000,1.000000,1.000000,1.000000,1.000000,0.533333,0.207843,0.090196,0.043137,0.027451,0.011765,0.007843,0.007843,0.003922,0.003922,0.003922,0.003922,0.003922,0.003922
147,2.450000,1.000000,1.000000,1.000000,1.000000,1.000000,1.000000,1.000000,1.000000,1.000000,1.000000,1.000000,1.000000,1.000000,1.000000,1.000000,1.000000,0.552941,0.215686,0.094118,0.043137,0.027451,0.011765,0.007843,0.007843,0.003922,0.003922,0.003922,0.003922,0.003922,0.003922
148,2.466667,1.000000,1.000000,1.000000,1.000000,1.000000,1.000000,1.000000,1.000000,1.000000,1.000000,1.000000,1.000000,1.000000,1.000000,1.000000,1.000000,0.560784,0.219608,0.094118,0.043137,0.027451,0.011765,0.007843,0.007843,0.003922,0.003922,0.003922,0.003922,0.003922,0.003922
149,2.483333,1.000000,1.000000,1.000000,1.000000,1.000000,1.000000,1.000000,1.000000,1.000000,1.000000,1.000000,1.000000,1.000000,1.000000,1.000000,1.000000,0.560784,0.219608,0.094118,0.043137,0.027451,0.011765,0.007843,0.007843,0.003922,0.003922,0.003922,0.003922,0.003922,0.003922
150,2.500000,1.000000,1.000000,1.000000,1.000000,1.000000,1.000000,1.000000,1.000000,1.000000,1.000000,1.000000,1.000000,1.000000,1.000000,1.000000,1.000000,0.556863,0.215686,0.094118,0.043137,0.027451,0.011765,0.007843,0.007843,0.003922,0.003922,0.003922,0.003922,0.003922,0.003922
151,2.516667,1.000000,1.000000,1.000000,1.000000,1.000000,1.000000,1.000000,1.000000,1.000000,1.000000,1.000000,1.000000,1.000000,1.000000,1.000000,1.000000,0.545098,0.211765,0.094118,0.043137,0.027451,0.011765,0.007843,0.007843,0.003922,0.003922,0.003922,0.003922,0.003922,0.003922
152,2.533333,1.000000,1.000000,1.000000,1.000000,1.000000,1.000000,1.000000,1.000000,1.000000,1.000000,1.000000,1.000000,1.000000,1.000000,1.000000,1.000000,0.529412,0.207843,0.090196,0.043137,0.027451,0.011765,0.007843,0.003922,0.003922,0.003922,0.003922,0.003922,0.003922,0.003922
153,2.550000,1.000000,1.000000,1.000000,1.000000,1.000000,1.000000,1.000000,1.000000,1.000000,1.000000,1.000000,1.000000,1.000000,1.000000,1.000000,1.000000,0.513725,0.200000,0.086275,0.039216,0.023529,0.011765,0.007843,0.003922,0.003922,0.003922,0.003922,0.003922,0.003922,0.003922
154,2.566667,1.000000,1.000000,1.000000,1.000000,1.000000,1.000000,1.000000,1.000000,1.000000,1.000000,1.000000,1.000000,1.000000,1.000000,1.000000,1.000000,0.490196,0.192157,0.082353,0.039216,0.023529,0.011765,0.007843,0.003922,0.003922,0.003922,0.003922,0.003922,0.003922,0.003922
155,2.583333,1.000000,1.000000,1.000000,1.000000,1.000000,1.000000,1.000000,1.000000,1.000000,1.000000,1.000000,1.000000,1.000000,1.000000,1.000000,1.000000,0.466667,0.184314,0.078431,0.035294,0.023529,0.011765,0.007843,0.003922,0.003922,0.003922,0.003922,0.003922,0.003922,0.003922
156,2.600000,1.000000,1.000000,1.000000,1.000000,1.000000,1.000000,1.000000,1.000000,1.000000,1.000000,1.000000,1.000000,1.000000,1.000000,1.000000,1.000000,0.443137,0.172549,0.074510,0.035294,0.019608,0.007843,0.007843,0.003922,0.003922,0.003922,0.003922,0.003922,0.003922,0.003922
157,2.616667,1.000000,1.000000,1.000000,1.000000,1.000000,1.000000,1.000000,1.000000,1.000000,1.000000,1.000000,1.000000,1.000000,1.000000,1.000000,1.000000,0.415686,0.160784,0.070588,0.031373,0.019608,0.007843,0.003922,0.003922,0.003922,0.003922,0.003922,0.003922,0.003922,0.003922
158,2.633333,1.000000,1.000000,1.000000,1.000000,1.000000,1.000000,1.000000,1.000000,1.000000,1.000000,1.000000,1.000000,1.000000,1.000000,1.000000,1.000000,0.388235,0.152941,0.066667,0.031373,0.019608,0.007843,0.003922,0.003922,0.003922,0.003922,0.003922,0.003922,0.003922,0.003922
159,2.650000,1.000000,1.000000,1.000000,1.000000,1.000000,1.000000,1.000000,1.000000,1.000000,1.000000,1.000000,1.000000,1.000000,1.000000,1.000000,1.000000,0.360784,0.141176,0.058824,0.027451,0.015686,0.007843,0.003922,0.003922,0.003922,0.003922,0.000000,0.003922,0.003922,0.003922
160,2.666667,1.000000,1.000000,1.000000,1.000000,1.000000,1.000000,1.000000,1.000000,1.000000,1.000000,1.000000,1.000000,1.000000,1.000000,1.000000,1.000000,0.329412,0.129412,0.054902,0.027451,0.015686,0.007843,0.003922,0.003922,0.003922,0.000000,0.000000,0.003922,0.003922,0.003922
161,2.683333,0.929412,0.929412,1.000000,1.000000,1.000000,1.000000,1.000000,1.000000,1.000000,1.000000,1.000000,1.000000,1.000000,1.000000,1.000000,0.988235,0.301961,0.117647,0.050980,0.023529,0.015686,0.003922,0.003922,0.003922,0.003922,0.000000,0.000000,0.003922,0.000000,0.000000
162,2.700000,0.819608,0.819608,0.901961,0.980392,0.980392,1.000000,1.000000,1.000000,1.000000,1.000000,1.000000,1.000000,1.000000,1.000000,1.000000,0.886275,0.270588,0.105882,0.043137,0.019608,0.011765,0.003922,0.003922,0.000000,0.000000,0.000000,0.000000,0.000000,0.000000,0.000000
163,2.716667,0.709804,0.709804,0.780392,0.850980,0.850980,0.996078,1.000000,1.000000,1.000000,1.000000,1.000000,1.000000,1.000000,1.000000,1.000000,0.784314,0.239216,0.090196,0.039216,0.019608,0.011765,0.003922,0.003922,0.000000,0.000000,0.000000,0.000000,0.000000,0.000000,0.000000
164,2.733333,0.600000,0.600000,0.658824,0.717647,0.717647,0.839216,1.000000,1.000000,1.000000,1.000000,1.000000,1.000000,1.000000,1.000000,1.000000,0.678431,0.203922,0.078431,0.035294,0.015686,0.007843,0.003922,0.003922,0.000000,0.000000,0.000000,0.000000,0.000000,0.000000,0.000000
165,2.750000,0.486275,0.486275,0.533333,0.584314,0.584314,0.682353,0.968627,1.000000,1.000000,1.000000,1.000000,1.000000,1.000000,1.000000,1.000000,0.572549,0.172549,0.066667,0.027451,0.011765,0.007843,0.003922,0.000000,0.000000,0.000000,0.000000,0.000000,0.000000,0.000000,0.000000
166,2.766667,0.372549,0.372549,0.411765,0.447059,0.447059,0.525490,0.745098,1.000000,1.000000,1.000000,1.000000,1.000000,1.000000,1.000000,1.000000,0.466667,0.141176,0.054902,0.023529,0.011765,0.003922,0.000000,0.000000,0.000000,0.000000,0.000000,0.000000,0.000000,0.000000,0.000000
167,2.783333,0.282353,0.282353,0.309804,0.337255,0.337255,0.396078,0.560784,0.890196,1.000000,1.000000,1.000000,1.000000,1.000000,1.000000,1.000000,0.356863,0.105882,0.039216,0.015686,0.007843,0.003922,0.000000,0.000000,0.000000,0.000000,0.000000,0.000000,0.000000,0.000000,0.000000
168,2.800000,0.556863,0.556863,0.611765,0.666667,0.666667,0.780392,1.000000,1.000000,1.000000,1.000000,1.000000,1.000000,1.000000,1.000000,1.000000,0.270588,0.082353,0.031373,0.011765,0.003922,0.003922,0.000000,0.000000,0.000000,0.000000,0.000000,0.000000,0.000000,0.000000,0.000000
169,2.816667,0.756863,0.756863,0.831373,0.905882,0.905882,1.000000,1.000000,1.000000,1.000000,1.000000,1.000000,1.000000,1.000000,1.000000,1.000000,0.533333,0.160784,0.062745,0.027451,0.011765,0.007843,0.003922,0.000000,0.000000,0.000000,0.000000,0.000000,0.000000,0.000000,0.000000
170,2.833333,0.898039,0.898039,0.988235,1.000000,1.000000,1.000000,1.000000,1.000000,1.000000,1.000000,1.000000,1.000000,1.000000,1.000000,1.000000,0.721569,0.219608,0.086275,0.035294,0.015686,0.007843,0.003922,0.000000,0.003922,0.000000,0.000000,0.000000,0.000000,0.000000,0.000000
171,2.850000,0.996078,0.996078,1.000000,1.000000,1.000000,1.000000,1.000000,1.000000,1.000000,1.000000,1.000000,1.000000,1.000000,1.000000,1.000000,0.858824,0.258824,0.101961,0.043137,0.019608,0.011765,0.003922,0.000000,0.003922,0.000000,0.000000,0.000000,0.000000,0.000000,0.000000
172,2.866667,1.000000,1.000000,1.000000,1.000000,1.000000,1.000000,1.000000,1.000000,1.000000,1.000000,1.000000,1.000000,1.000000,1.000000,1.000000,0.952941,0.290196,0.113725,0.047059,0.023529,0.011765,0.003922,0.003922,0.003922,0.003922,0.000000,0.000000,0.000000,0.003922,0.000000
173,2.883333,1.000000,1.000000,1.000000,1.000000,1.000000,1.000000,1.000000,1.000000,1.000000,1.000000,1.000000,1.000000,1.000000,1.000000,1.000000,1.000000,0.309804,0.121569,0.050980,0.023529,0.015686,0.007843,0.003922,0.003922,0.003922,0.003922,0.000000,0.000000,0.003922,0.000000
174,2.900000,1.000000,1.000000,1.000000,1.000000,1.000000,1.000000,1.000000,1.000000,1.000000,1.000000,1.000000,1.000000,1.000000,1.000000,1.000000,1.000000,0.317647,0.125490,0.054902,0.023529,0.015686,0.007843,0.003922,0.003922,0.003922,0.003922,0.000000,0.003922,0.003922,0.000000
175,2.916667,1.000000,1.000000,1.000000,1.000000,1.000000,1.000000,1.000000,1.000000,1.000000,1.000000,1.000000,1.000000,1.000000,1.000000,1.000000,1.000000,0.325490,0.125490,0.054902,0.023529,0.015686,0.007843,0.003922,0.003922,0.003922,0.003922,0.000000,0.003922,0.003922,0.000000
176,2.933333,1.000000,1.000000,1.000000,1.000000,1.000000,1.000000,1.000000,1.000000,1.000000,1.000000,1.000000,1.000000,1.000000,1.000000,1.000000,1.000000,0.325490,0.125490,0.054902,0.023529,0.015686,0.007843,0.003922,0.003922,0.003922,0.003922,0.000000,0.003922,0.003922,0.000000
177,2.950000,1.000000,1.000000,1.000000,1.000000,1.000000,1.000000,1.000000,1.000000,1.000000,1.000000,1.000000,1.000000,1.000000,1.000000,1.000000,1.000000,0.321569,0.125490,0.054902,0.023529,0.015686,0.007843,0.003922,0.003922,0.003922,0.000000,0.000000,0.003922,0.003922,0.000000
178,2.966667,1.000000,1.000000,1.000000,1.000000,1.000000,1.000000,1.000000,1.000000,1.000000,1.000000,1.000000,1.000000,1.000000,1.000000,1.000000,1.000000,0.313725,0.121569,0.050980,0.023529,0.015686,0.007843,0.003922,0.003922,0.003922,0.000000,0.000000,0.003922,0.003922,0.000000
179,2.983333,1.000000,1.000000,1.000000,1.000000,1.000000,1.000000,1.000000,1.000000,1.000000,1.000000,1.000000,1.000000,1.000000,1.000000,1.000000,1.000000,0.305882,0.117647,0.050980,0.023529,0.015686,0.007843,0.003922,0.003922,0.003922,0.000000,0.000000,0.003922,0.003922,0.000000
180,3.000000,0.980392,0.980392,1.000000,1.000000,1.000000,1.000000,1.000000,1.000000,1.000000,1.000000,1.000000,1.000000,1.000000,1.000000,1.000000,0.972549,0.294118,0.113725,0.050980,0.023529,0.011765,0.003922,0.003922,0.003922,0.003922,0.000000,0.000000,0.003922,0.000000,0.000000
181,3.016667,0.933333,0.933333,1.000000,1.000000,1.000000,1.000000,1.000000,1.000000,1.000000,1.000000,1.000000,1.000000,1.000000,1.000000,1.000000,0.933333,0.282353,0.109804,0.047059,0.023529,0.011765,0.003922,0.003922,0.003922,0.000000,0.000000,0.000000,0.000000,0.000000,0.000000
182,3.033333,0.882353,0.882353,0.968627,1.000000,1.000000,1.000000,1.000000,1.000000,1.000000,1.000000,1.000000,1.000000,1.000000,1.000000,1.000000,0.890196,0.270588,0.105882,0.047059,0.019608,0.011765,0.003922,0.003922,0.000000,0.000000,0.000000,0.000000,0.000000,0.000000,0.000000
183,3.050000,0.831373,0.831373,0.913725,0.996078,0.996078,1.000000,1.000000,1.000000,1.000000,1.000000,1.000000,1.000000,1.000000,1.000000,1.000000,0.843137,0.254902,0.098039,0.043137,0.019608,0.011765,0.003922,0.003922,0.000000,0.000000,0.000000,0.000000,0.000000,0.000000,0.000000
184,3.066667,0.776471,0.776471,0.850980,0.929412,0.929412,1.000000,1.000000,1.000000,1.000000,1.000000,1.000000,1.000000,1.000000,1.000000,1.000000,0.792157,0.239216,0.094118,0.039216,0.019608,0.011765,0.003922,0.003922,0.000000,0.000000,0.000000,0.000000,0.000000,0.000000,0.000000
185,3.083333,0.717647,0.717647,0.788235,0.858824,0.858824,1.000000,1.000000,1.000000,1.000000,1.000000,1.000000,1.000000,1.000000,1.000000,1.000000,0.741176,0.223529,0.086275,0.039216,0.015686,0.011765,0.003922,0.003922,0.000000,0.000000,0.000000,0.000000,0.000000,0.000000,0.000000
186,3.100000,0.658824,0.658824,0.725490,0.788235,0.788235,0.925490,1.000000,1.000000,1.000000,1.000000,1.000000,1.000000,1.000000,1.000000,1.000000,0.686275,0.207843,0.082353,0.035294,0.015686,0.007843,0.003922,0.000000,0.000000,0.000000,0.000000,0.000000,0.000000,0.000000,0.000000
187,3.116667,0.600000,0.600000,0.658824,0.717647,0.717647,0.839216,1.000000,1.000000,1.000000,1.000000,1.000000,1.000000,1.000000,1.000000,1.000000,0.631373,0.192157,0.074510,0.031373,0.015686,0.007843,0.003922,0.000000,0.000000,0.000000,0.000000,0.000000,0.000000,0.000000,0.000000
188,3.133333,0.537255,0.537255,0.592157,0.643137,0.643137,0.752941,1.000000,1.000000,1.000000,1.000000,1.000000,1.000000,1.000000,1.000000,1.000000,0.572549,0.172549,0.066667,0.027451,0.011765,0.007843,0.003922,0.000000,0.000000,0.000000,0.000000,0.000000,0.000000,0.000000,0.000000
189,3.150000,0.474510,0.474510,0.521569,0.568627,0.568627,0.666667,0.941176,1.000000,1.000000,1.000000,1.000000,1.000000,1.000000,1.000000,1.000000,0.513725,0.156863,0.058824,0.023529,0.011765,0.007843,0.003922,0.000000,0.000000,0.000000,0.000000,0.000000,0.000000,0.000000,0.000000
190,3.166667,0.411765,0.411765,0.450980,0.490196,0.490196,0.576471,0.815686,1.000000,1.000000,1.000000,1.000000,1.000000,1.000000,1.000000,1.000000,0.454902,0.137255,0.050980,0.023529,0.007843,0.003922,0.000000,0.000000,0.000000,0.000000,0.000000,0.000000,0.000000,0.000000,0.000000
191,3.183333,0.345098,0.345098,0.380392,0.415686,0.415686,0.486275,0.690196,1.000000,1.000000,1.000000,1.000000,1.000000,1.000000,1.000000,1.000000,0.392157,0.117647,0.047059,0.019608,0.007843,0.003922,0.000000,0.000000,0.000000,0.000000,0.000000,0.000000,0.000000,0.000000,0.000000
192,3.200000,0.282353,0.282353,0.309804,0.337255,0.337255,0.396078,0.560784,0.886275,1.000000,1.000000,1.000000,1.000000,1.000000,1.000000,1.000000,0.329412,0.098039,0.039216,0.015686,0.007843,0.003922,0.000000,0.000000,0.000000,0.000000,0.000000,0.000000,0.000000,0.000000,0.000000
193,3.216667,0.215686,0.215686,0.239216,0.258824,0.258824,0.301961,0.431373,0.682353,1.000000,1.000000,1.000000,1.000000,1.000000,1.000000,1.000000,0.270588,0.082353,0.031373,0.011765,0.003922,0.003922,0.000000,0.000000,0.000000,0.000000,0.000000,0.000000,0.000000,0.000000,0.000000
194,3.233333,0.160784,0.160784,0.180392,0.196078,0.196078,0.227451,0.325490,0.513725,0.933333,1.000000,1.000000,1.000000,1.000000,1.000000,1.000000,0.207843,0.062745,0.023529,0.007843,0.003922,0.000000,0.000000,0.000000,0.000000,0.000000,0.000000,0.000000,0.000000,0.000000,0.000000
195,3.250000,0.321569,0.321569,0.352941,0.384314,0.384314,0.450980,0.639216,1.000000,1.000000,1.000000,1.000000,1.000000,1.000000,1.000000,0.823529,0.156863,0.047059,0.015686,0.007843,0.003922,0.000000,0.000000,0.000000,0.000000,0.000000,0.000000,0.000000,0.000000,0.000000,0.000000
196,3.266667,0.439216,0.439216,0.482353,0.525490,0.525490,0.615686,0.870588,1.000000,1.000000,1.000000,1.000000,1.000000,1.000000,1.000000,1.000000,0.305882,0.094118,0.035294,0.015686,0.003922,0.003922,0.000000,0.000000,0.000000,0.000000,0.000000,0.000000,0.000000,0.000000,0.000000
197,3.283333,0.521569,0.521569,0.572549,0.623529,0.623529,0.729412,1.000000,1.000000,1.000000,1.000000,1.000000,1.000000,1.000000,1.000000,1.000000,0.419608,0.125490,0.047059,0.019608,0.007843,0.003922,0.000000,0.000000,0.000000,0.000000,0.000000,0.000000,0.000000,0.000000,0.000000
198,3.300000,0.576471,0.576471,0.635294,0.690196,0.690196,0.807843,1.000000,1.000000,1.000000,1.000000,1.000000,1.000000,1.000000,1.000000,1.000000,0.498039,0.149020,0.058824,0.023529,0.011765,0.007843,0.000000,0.000000,0.000000,0.000000,0.000000,0.000000,0.000000,0.000000,0.000000
199,3.316667,0.615686,0.615686,0.674510,0.737255,0.737255,0.862745,1.000000,1.000000,1.000000,1.000000,1.000000,1.000000,1.000000,1.000000,1.000000,0.552941,0.168627,0.062745,0.027451,0.011765,0.007843,0.003922,0.000000,0.000000,0.000000,0.000000,0.000000,0.000000,0.000000,0.000000
200,3.333333,0.635294,0.635294,0.698039,0.760784,0.760784,0.894118,1.000000,1.000000,1.000000,1.000000,1.000000,1.000000,1.000000,1.000000,1.000000,0.588235,0.176471,0.070588,0.027451,0.011765,0.007843,0.003922,0.000000,0.000000,0.000000,0.000000,0.000000,0.000000,0.000000,0.000000
201,3.350000,0.647059,0.647059,0.709804,0.776471,0.776471,0.905882,1.000000,1.000000,1.000000,1.000000,1.000000,1.000000,1.000000,1.000000,1.000000,0.607843,0.184314,0.070588,0.031373,0.011765,0.007843,0.003922,0.000000,0.000000,0.000000,0.000000,0.000000,0.000000,0.000000,0.000000
202,3.366667,0.647059,0.647059,0.709804,0.776471,0.776471,0.905882,1.000000,1.000000,1.000000,1.000000,1.000000,1.000000,1.000000,1.000000,1.000000,0.619608,0.188235,0.070588,0.031373,0.015686,0.007843,0.003922,0.000000,0.000000,0.000000,0.000000,0.000000,0.000000,0.000000,0.000000
203,3.383333,0.639216,0.639216,0.705882,0.768627,0.768627,0.898039,1.000000,1.000000,1.000000,1.000000,1.000000,1.000000,1.000000,1.000000,1.000000,0.619608,0.188235,0.070588,0.031373,0.015686,0.007843,0.003922,0.000000,0.000000,0.000000,0.000000,0.000000,0.000000,0.000000,0.000000
204,3.400000,0.627451,0.627451,0.690196,0.752941,0.752941,0.882353,1.000000,1.000000,1.000000,1.000000,1.000000,1.000000,1.000000,1.000000,1.000000,0.611765,0.184314,0.070588,0.031373,0.011765,0.007843,0.003922,0.000000,0.000000,0.000000,0.000000,0.000000,0.000000,0.000000,0.000000
205,3.416667,0.611765,0.611765,0.670588,0.733333,0.733333,0.858824,1.000000,1.000000,1.000000,1.000000,1.000000,1.000000,1.000000,1.000000,1.000000,0.600000,0.180392,0.070588,0.031373,0.011765,0.007843,0.003922,0.000000,0.000000,0.000000,0.000000,0.000000,0.000000,0.000000,0.000000
206,3.433333,0.592157,0.592157,0.647059,0.705882,0.705882,0.827451,1.000000,1.000000,1.000000,1.000000,1.000000,1.000000,1.000000,1.000000,1.000000,0.584314,0.176471,0.066667,0.027451,0.011765,0.007843,0.003922,0.000000,0.000000,0.000000,0.000000,0.000000,0.000000,0.000000,0.000000
207,3.450000,0.564706,0.564706,0.623529,0.678431,0.678431,0.792157,1.000000,1.000000,1.000000,1.000000,1.000000,1.000000,1.000000,1.000000,1.000000,0.564706,0.172549,0.066667,0.027451,0.011765,0.007843,0.003922,0.000000,0.000000,0.000000,0.000000,0.000000,0.000000,0.000000,0.000000
208,3.466667,0.541176,0.541176,0.592157,0.647059,0.647059,0.756863,1.000000,1.000000,1.000000,1.000000,1.000000,1.000000,1.000000,1.000000,1.000000,0.541176,0.164706,0.062745,0.027451,0.011765,0.007843,0.003922,0.000000,0.000000,0.000000,0.000000,0.000000,0.000000,0.000000,0.000000
209,3.483333,0.509804,0.509804,0.560784,0.611765,0.611765,0.717647,1.000000,1.000000,1.000000,1.000000,1.000000,1.000000,1.000000,1.000000,1.000000,0.513725,0.156863,0.058824,0.023529,0.011765,0.007843,0.003922,0.000000,0.000000,0.000000,0.000000,0.000000,0.000000,0.000000,0.000000
210,3.500000,0.482353,0.482353,0.529412,0.576471,0.576471,0.674510,0.952941,1.000000,1.000000,1.000000,1.000000,1.000000,1.000000,1.000000,1.000000,0.486275,0.149020,0.054902,0.023529,0.011765,0.003922,0.000000,0.000000,0.000000,0.000000,0.000000,0.000000,0.000000,0.000000,0.000000
211,3.516667,0.447059,0.447059,0.494118,0.537255,0.537255,0.627451,0.890196,1.000000,1.000000,1.000000,1.000000,1.000000,1.000000,1.000000,1.000000,0.458824,0.137255,0.054902,0.023529,0.007843,0.003922,0.000000,0.000000,0.000000,0.000000,0.000000,0.000000,0.000000,0.000000,0.000000
212,3.533333,0.415686,0.415686,0.454902,0.498039,0.498039,0.584314,0.823529,1.000000,1.000000,1.000000,1.000000,1.000000,1.000000,1.000000,1.000000,0.427451,0.129412,0.050980,0.019608,0.007843,0.003922,0.000000,0.000000,0.000000,0.000000,0.000000,0.000000,0.000000,0.000000,0.000000
213,3.550000,0.380392,0.380392,0.419608,0.454902,0.454902,0.533333,0.756863,1.000000,1.000000,1.000000,1.000000,1.000000,1.000000,1.000000,1.000000,0.396078,0.121569,0.047059,0.019608,0.007843,0.003922,0.000000,0.000000,0.000000,0.000000,0.000000,0.000000,0.000000,0.000000,0.000000
214,3.566667,0.345098,0.345098,0.380392,0.415686,0.415686,0.486275,0.686275,1.000000,1.000000,1.000000,1.000000,1.000000,1.000000,1.000000,1.000000,0.364706,0.109804,0.043137,0.015686,0.007843,0.003922,0.000000,0.000000,0.000000,0.000000,0.000000,0.000000,0.000000,0.000000,0.000000
215,3.583333,0.309804,0.309804,0.341176,0.372549,0.372549,0.435294,0.615686,0.980392,1.000000,1.000000,1.000000,1.000000,1.000000,1.000000,1.000000,0.329412,0.098039,0.039216,0.015686,0.007843,0.003922,0.000000,0.000000,0.000000,0.000000,0.000000,0.000000,0.000000,0.000000,0.000000
216,3.600000,0.274510,0.274510,0.301961,0.329412,0.329412,0.384314,0.545098,0.866667,1.000000,1.000000,1.000000,1.000000,1.000000,1.000000,1.000000,0.298039,0.090196,0.035294,0.015686,0.003922,0.003922,0.000000,0.000000,0.000000,0.000000,0.000000,0.000000,0.000000,0.000000,0.000000
217,3.616667,0.235294,0.235294,0.258824,0.286275,0.286275,0.333333,0.470588,0.749020,1.000000,1.000000,1.000000,1.000000,1.000000,1.000000,1.000000,0.262745,0.078431,0.031373,0.011765,0.003922,0.003922,0.000000,0.000000,0.000000,0.000000,0.000000,0.000000,0.000000,0.000000,0.000000
218,3.633333,0.200000,0.200000,0.219608,0.239216,0.239216,0.282353,0.400000,0.631373,1.000000,1.000000,1.000000,1.000000,1.000000,1.000000,1.000000,0.227451,0.066667,0.023529,0.011765,0.003922,0.000000,0.000000,0.000000,0.000000,0.000000,0.000000,0.000000,0.000000,0.000000,0.000000
219,3.650000,0.160784,0.160784,0.180392,0.196078,0.196078,0.227451,0.325490,0.513725,0.933333,1.000000,1.000000,1.000000,1.000000,1.000000,1.000000,0.192157,0.058824,0.019608,0.007843,0.003922,0.000000,0.000000,0.000000,0.000000,0.000000,0.000000,0.000000,0.000000,0.000000,0.000000
220,3.666667,0.125490,0.125490,0.137255,0.149020,0.149020,0.176471,0.247059,0.396078,0.717647,1.000000,1.000000,1.000000,1.000000,1.000000,0.823529,0.156863,0.047059,0.015686,0.007843,0.003922,0.000000,0.000000,0.000000,0.000000,0.000000,0.000000,0.000000,0.000000,0.000000,0.000000
221,3.683333,0.094118,0.094118,0.101961,0.113725,0.113725,0.133333,0.188235,0.298039,0.541176,1.000000,1.000000,1.000000,1.000000,1.000000,0.631373,0.117647,0.035294,0.011765,0.003922,0.000000,0.000000,0.000000,0.000000,0.000000,0.000000,0.000000,0.000000,0.000000,0.000000,0.000000
222,3.700000,0.184314,0.184314,0.203922,0.223529,0.223529,0.262745,0.368627,0.588235,1.000000,1.000000,1.000000,1.000000,1.000000,1.000000,0.478431,0.090196,0.027451,0.007843,0.003922,0.000000,0.000000,0.000000,0.000000,0.000000,0.000000,0.000000,0.000000,0.000000,0.000000,0.000000
223,3.716667,0.250980,0.250980,0.278431,0.301961,0.301961,0.352941,0.501961,0.800000,1.000000,1.000000,1.000000,1.000000,1.000000,1.000000,0.941176,0.176471,0.050980,0.019608,0.007843,0.003922,0.000000,0.000000,0.000000,0.000000,0.000000,0.000000,0.000000,0.000000,0.000000,0.000000
224,3.733333,0.301961,0.301961,0.329412,0.360784,0.360784,0.423529,0.596078,0.949020,1.000000,1.000000,1.000000,1.000000,1.000000,1.000000,1.000000,0.243137,0.070588,0.027451,0.011765,0.003922,0.000000,0.000000,0.000000,0.000000,0.000000,0.000000,0.000000,0.000000,0.000000,0.000000
225,3.750000,0.333333,0.333333,0.368627,0.400000,0.400000,0.466667,0.662745,1.000000,1.000000,1.000000,1.000000,1.000000,1.000000,1.000000,1.000000,0.286275,0.086275,0.031373,0.011765,0.003922,0.003922,0.000000,0.000000,0.000000,0.000000,0.000000,0.000000,0.000000,0.000000,0.000000
226,3.766667,0.356863,0.356863,0.392157,0.427451,0.427451,0.498039,0.705882,1.000000,1.000000,1.000000,1.000000,1.000000,1.000000,1.000000,1.000000,0.317647,0.094118,0.035294,0.015686,0.007843,0.003922,0.000000,0.000000,0.000000,0.000000,0.000000,0.000000,0.000000,0.000000,0.000000
227,3.783333,0.368627,0.368627,0.403922,0.439216,0.439216,0.517647,0.733333,1.000000,1.000000,1.000000,1.000000,1.000000,1.000000,1.000000,1.000000,0.341176,0.101961,0.039216,0.015686,0.007843,0.003922,0.000000,0.000000,0.000000,0.000000,0.000000,0.000000,0.000000,0.000000,0.000000
228,3.800000,0.372549,0.372549,0.411765,0.447059,0.447059,0.525490,0.745098,1.000000,1.000000,1.000000,1.000000,1.000000,1.000000,1.000000,1.000000,0.352941,0.105882,0.039216,0.015686,0.007843,0.003922,0.000000,0.000000,0.000000,0.000000,0.000000,0.000000,0.000000,0.000000,0.000000
229,3.816667,0.376471,0.376471,0.411765,0.447059,0.447059,0.525490,0.745098,1.000000,1.000000,1.000000,1.000000,1.000000,1.000000,1.000000,1.000000,0.356863,0.105882,0.039216,0.015686,0.007843,0.003922,0.000000,0.000000,0.000000,0.000000,0.000000,0.000000,0.000000,0.000000,0.000000
230,3.833333,0.372549,0.372549,0.407843,0.443137,0.443137,0.521569,0.737255,1.000000,1.000000,1.000000,1.000000,1.000000,1.000000,1.000000,1.000000,0.356863,0.105882,0.039216,0.015686,0.007843,0.003922,0.000000,0.000000,0.000000,0.000000,0.000000,0.000000,0.000000,0.000000,0.000000
231,3.850000,0.364706,0.364706,0.400000,0.435294,0.435294,0.509804,0.721569,1.000000,1.000000,1.000000,1.000000,1.000000,1.000000,1.000000,1.000000,0.352941,0.105882,0.039216,0.015686,0.007843,0.003922,0.000000,0.000000,0.000000,0.000000,0.000000,0.000000,0.000000,0.000000,0.000000
232,3.866667,0.352941,0.352941,0.388235,0.423529,0.423529,0.494118,0.701961,1.000000,1.000000,1.000000,1.000000,1.000000,1.000000,1.000000,1.000000,0.349020,0.105882,0.039216,0.015686,0.007843,0.003922,0.000000,0.000000,0.000000,0.000000,0.000000,0.000000,0.000000,0.000000,0.000000
233,3.883333,0.341176,0.341176,0.376471,0.407843,0.407843,0.478431,0.678431,1.000000,1.000000,1.000000,1.000000,1.000000,1.000000,1.000000,1.000000,0.337255,0.101961,0.039216,0.015686,0.007843,0.003922,0.000000,0.000000,0.000000,0.000000,0.000000,0.000000,0.000000,0.000000,0.000000
234,3.900000,0.325490,0.325490,0.360784,0.392157,0.392157,0.458824,0.650980,1.000000,1.000000,1.000000,1.000000,1.000000,1.000000,1.000000,1.000000,0.325490,0.098039,0.039216,0.015686,0.007843,0.003922,0.000000,0.000000,0.000000,0.000000,0.000000,0.000000,0.000000,0.000000,0.000000
235,3.916667,0.313725,0.313725,0.341176,0.372549,0.372549,0.439216,0.619608,0.984314,1.000000,1.000000,1.000000,1.000000,1.000000,1.000000,1.000000,0.313725,0.094118,0.035294,0.015686,0.007843,0.003922,0.000000,0.000000,0.000000,0.000000,0.000000,0.000000,0.000000,0.000000,0.000000
236,3.933333,0.294118,0.294118,0.325490,0.352941,0.352941,0.415686,0.588235,0.933333,1.000000,1.000000,1.000000,1.000000,1.000000,1.000000,1.000000,0.298039,0.090196,0.035294,0.015686,0.003922,0.003922,0.000000,0.000000,0.000000,0.000000,0.000000,0.000000,0.000000,0.000000,0.000000
237,3.950000,0.278431,0.278431,0.305882,0.333333,0.333333,0.388235,0.552941,0.874510,1.000000,1.000000,1.000000,1.000000,1.000000,1.000000,1.000000,0.282353,0.086275,0.031373,0.011765,0.003922,0.003922,0.000000,0.000000,0.000000,0.000000,0.000000,0.000000,0.000000,0.000000,0.000000
238,3.966667,0.258824,0.258824,0.286275,0.309804,0.309804,0.364706,0.513725,0.819608,1.000000,1.000000,1.000000,1.000000,1.000000,1.000000,1.000000,0.266667,0.078431,0.031373,0.011765,0.003922,0.003922,0.000000,0.000000,0.000000,0.000000,0.000000,0.000000,0.000000,0.000000,0.000000
239,3.983333,0.239216,0.239216,0.262745,0.286275,0.286275,0.337255,0.478431,0.756863,1.000000,1.000000,1.000000,1.000000,1.000000,1.000000,1.000000,0.247059,0.074510,0.027451,0.011765,0.003922,0.003922,0.000000,0.000000,0.000000,0.000000,0.000000,0.000000,0.000000,0.000000,0.000000
240,4.000000,1.000000,1.000000,1.000000,1.000000,1.000000,1.000000,1.000000,1.000000,1.000000,1.000000,1.000000,1.000000,1.000000,1.000000,1.000000,1.000000,1.000000,1.000000,0.807843,0.549020,0.376471,0.254902,0.172549,0.117647,0.082353,0.058824,0.039216,0.027451,0.019608,0.015686
241,4.016667,1.000000,1.000000,1.000000,1.000000,1.000000,1.000000,1.000000,1.000000,1.000000,1.000000,1.000000,1.000000,1.000000,1.000000,1.000000,1.000000,1.000000,1.000000,1.000000,0.952941,0.650980,0.439216,0.301961,0.207843,0.145098,0.101961,0.070588,0.050980,0.035294,0.027451
242,4.033333,1.000000,1.000000,1.000000,1.000000,1.000000,1.000000,1.000000,1.000000,1.000000,1.000000,1.000000,1.000000,1.000000,1.000000,1.000000,1.000000,1.000000,1.000000,1.000000,1.000000,0.847059,0.576471,0.392157,0.270588,0.188235,0.129412,0.090196,0.066667,0.047059,0.035294
243,4.050000,1.000000,1.000000,1.000000,1.000000,1.000000,1.000000,1.000000,1.000000,1.000000,1.000000,1.000000,1.000000,1.000000,1.000000,1.000000,1.000000,1.000000,1.000000,1.000000,1.000000,0.988235,0.670588,0.458824,0.313725,0.219608,0.152941,0.105882,0.074510,0.054902,0.039216
244,4.066667,1.000000,1.000000,1.000000,1.000000,1.000000,1.000000,1.000000,1.000000,1.000000,1.000000,1.000000,1.000000,1.000000,1.000000,1.000000,1.000000,1.000000,1.000000,1.000000,1.000000,1.000000,0.733333,0.501961,0.345098,0.239216,0.168627,0.117647,0.082353,0.058824,0.043137
245,4.083333,1.000000,1.000000,1.000000,1.000000,1.000000,1.000000,1.000000,1.000000,1.000000,1.000000,1.000000,1.000000,1.000000,1.000000,1.000000,1.000000,1.000000,1.000000,1.000000,1.000000,1.000000,0.776471,0.529412,0.364706,0.254902,0.176471,0.125490,0.086275,0.062745,0.047059
246,4.100000,1.000000,1.000000,1.000000,1.000000,1.000000,1.000000,1.000000,1.000000,1.000000,1.000000,1.000000,1.000000,1.000000,1.000000,1.000000,1.000000,1.000000,1.000000,1.000000,1.000000,1.000000,0.796078,0.545098,0.376471,0.258824,0.184314,0.129412,0.090196,0.066667,0.047059
247,4.116667,1.000000,1.000000,1.000000,1.000000,1.000000,1.000000,1.000000,1.000000,1.000000,1.000000,1.000000,1.000000,1.000000,1.000000,1.000000,1.000000,1.000000,1.000000,1.000000,1.000000,1.000000,0.803922,0.549020,0.376471,0.262745,0.184314,0.129412,0.090196,0.066667,0.047059
248,4.133333,1.000000,1.000000,1.000000,1.000000,1.000000,1.000000,1.000000,1.000000,1.000000,1.000000,1.000000,1.000000,1.000000,1.000000,1.000000,1.000000,1.000000,1.000000,1.000000,1.000000,1.000000,0.803922,0.549020,0.376471,0.262745,0.184314,0.129412,0.090196,0.066667,0.047059
249,4.150000,1.000000,1.000000,1.000000,1.000000,1.000000,1.000000,1.000000,1.000000,1.000000,1.000000,1.000000,1.000000,1.000000,1.000000,1.000000,1.000000,1.000000,1.000000,1.000000,1.000000,1.000000,0.792157,0.541176,0.372549,0.258824,0.180392,0.125490,0.090196,0.062745,0.047059
250,4.166667,1.000000,1.000000,1.000000,1.000000,1.000000,1.000000,1.000000,1.000000,1.000000,1.000000,1.000000,1.000000,1.000000,1.000000,1.000000,1.000000,1.000000,1.000000,1.000000,1.000000,1.000000,0.772549,0.529412,0.360784,0.250980,0.176471,0.121569,0.086275,0.062745,0.047059
251,4.183333,1.000000,1.000000,1.000000,1.000000,1.000000,1.000000,1.000000,1.000000,1.000000,1.000000,1.000000,1.000000,1.000000,1.000000,1.000000,1.000000,1.000000,1.000000,1.000000,1.000000,1.000000,0.749020,0.509804,0.349020,0.243137,0.172549,0.117647,0.086275,0.058824,0.043137
252,4.200000,1.000000,1.000000,1.000000,1.000000,1.000000,1.000000,1.000000,1.000000,1.000000,1.000000,1.000000,1.000000,1.000000,1.000000,1.000000,1.000000,1.000000,1.000000,1.000000,1.000000,1.000000,0.717647,0.490196,0.337255,0.235294,0.164706,0.113725,0.082353,0.058824,0.043137
253,4.216667,1.000000,1.000000,1.000000,1.000000,1.000000,1.000000,1.000000,1.000000,1.000000,1.000000,1.000000,1.000000,1.000000,1.000000,1.000000,1.000000,1.000000,1.000000,1.000000,1.000000,1.000000,0.686275,0.470588,0.321569,0.223529,0.156863,0.109804,0.078431,0.054902,0.039216
254,4.233333,1.000000,1.000000,1.000000,1.000000,1.000000,1.000000,1.000000,1.000000,1.000000,1.000000,1.000000,1.000000,1.000000,1.000000,1.000000,1.000000,1.000000,1.000000,1.000000,1.000000,0.956863,0.650980,0.443137,0.305882,0.211765,0.149020,0.101961,0.074510,0.050980,0.039216
255,4.250000,1.000000,1.000000,1.000000,1.000000,1.000000,1.000000,1.000000,1.000000,1.000000,1.000000,1.000000,1.000000,1.000000,1.000000,1.000000,1.000000,1.000000,1.000000,1.000000,1.000000,0.901961,0.611765,0.419608,0.286275,0.200000,0.141176,0.098039,0.070588,0.050980,0.035294
256,4.266667,1.000000,1.000000,1.000000,1.000000,1.000000,1.000000,1.000000,1.000000,1.000000,1.000000,1.000000,1.000000,1.000000,1.000000,1.000000,1.000000,1.000000,1.000000,1.000000,1.000000,0.843137,0.572549,0.392157,0.266667,0.188235,0.129412,0.090196,0.062745,0.047059,0.035294
257,4.283333,1.000000,1.000000,1.000000,1.000000,1.000000,1.000000,1.000000,1.000000,1.000000,1.000000,1.000000,1.000000,1.000000,1.000000,1.000000,1.000000,1.000000,1.000000,1.000000,1.000000,0.780392,0.529412,0.360784,0.247059,0.172549,0.121569,0.082353,0.058824,0.043137,0.031373
258,4.300000,1.000000,1.000000,1.000000,1.000000,1.000000,1.000000,1.000000,1.000000,1.000000,1.000000,1.000000,1.000000,1.000000,1.000000,1.000000,1.000000,1.000000,1.000000,1.000000,1.000000,0.717647,0.486275,0.333333,0.227451,0.156863,0.109804,0.078431,0.054902,0.039216,0.027451
259,4.316667,1.000000,1.000000,1.000000,1.000000,1.000000,1.000000,1.000000,1.000000,1.000000,1.000000,1.000000,1.000000,1.000000,1.000000,1.000000,1.000000,1.000000,1.000000,1.000000,0.952941,0.650980,0.443137,0.301961,0.207843,0.145098,0.101961,0.070588,0.050980,0.035294,0.027451
260,4.333333,1.000000,1.000000,1.000000,1.000000,1.000000,1.000000,1.000000,1.000000,1.000000,1.000000,1.000000,1.000000,1.000000,1.000000,1.000000,1.000000,1.000000,1.000000,1.000000,0.854902,0.584314,0.396078,0.270588,0.184314,0.129412,0.090196,0.062745,0.043137,0.031373,0.023529
261,4.350000,1.000000,1.000000,1.000000,1.000000,1.000000,1.000000,1.000000,1.000000,1.000000,1.000000,1.000000,1.000000,1.000000,1.000000,1.000000,1.000000,1.000000,1.000000,1.000000,0.752941,0.517647,0.349020,0.239216,0.164706,0.113725,0.078431,0.054902,0.039216,0.027451,0.019608
262,4.366667,1.000000,1.000000,1.000000,1.000000,1.000000,1.000000,1.000000,1.000000,1.000000,1.000000,1.000000,1.000000,1.000000,1.000000,1.000000,1.000000,1.000000,1.000000,0.956863,0.654902,0.447059,0.301961,0.207843,0.141176,0.098039,0.066667,0.047059,0.031373,0.023529,0.015686
263,4.383333,1.000000,1.000000,1.000000,1.000000,1.000000,1.000000,1.000000,1.000000,1.000000,1.000000,1.000000,0.945098,1.000000,1.000000,1.000000,1.000000,1.000000,1.000000,0.807843,0.552941,0.376471,0.254902,0.172549,0.117647,0.082353,0.058824,0.039216,0.027451,0.019608,0.015686
264,4.400000,1.000000,1.000000,1.000000,1.000000,1.000000,1.000000,1.000000,1.000000,1.000000,1.000000,1.000000,0.713725,1.000000,1.000000,1.000000,1.000000,1.000000,1.000000,0.654902,0.447059,0.305882,0.207843,0.141176,0.098039,0.066667,0.047059,0.031373,0.023529,0.015686,0.011765
265,4.416667,1.000000,1.000000,1.000000,1.000000,1.000000,1.000000,1.000000,1.000000,1.000000,1.000000,1.000000,0.537255,0.882353,1.000000,1.000000,1.000000,1.000000,0.788235,0.505882,0.345098,0.235294,0.160784,0.109804,0.074510,0.050980,0.035294,0.023529,0.015686,0.011765,0.007843
266,4.433333,1.000000,1.000000,1.000000,1.000000,1.000000,1.000000,1.000000,1.000000,1.000000,1.000000,1.000000,0.403922,0.662745,1.000000,1.000000,1.000000,0.952941,0.596078,0.380392,0.258824,0.176471,0.121569,0.082353,0.054902,0.039216,0.027451,0.019608,0.011765,0.007843,0.003922
267,4.450000,1.000000,1.000000,1.000000,1.000000,1.000000,1.000000,1.000000,1.000000,1.000000,1.000000,1.000000,0.305882,0.501961,1.000000,1.000000,1.000000,0.717647,0.447059,0.286275,0.196078,0.133333,0.090196,0.062745,0.043137,0.027451,0.019608,0.011765,0.007843,0.003922,0.003922
268,4.466667,1.000000,1.000000,1.000000,1.000000,1.000000,1.000000,1.000000,1.000000,1.000000,1.000000,1.000000,0.231373,0.376471,1.000000,1.000000,0.925490,0.541176,0.337255,0.215686,0.145098,0.101961,0.066667,0.047059,0.031373,0.019608,0.015686,0.007843,0.007843,0.003922,0.003922
269,4.483333,1.000000,1.000000,1.000000,1.000000,1.000000,1.000000,1.000000,1.000000,1.000000,1.000000,1.000000,0.172549,0.286275,1.000000,1.000000,0.698039,0.407843,0.254902,0.160784,0.109804,0.074510,0.050980,0.035294,0.023529,0.015686,0.011765,0.007843,0.003922,0.003922,0.000000
270,4.500000,1.000000,1.000000,1.000000,1.000000,1.000000,1.000000,1.000000,1.000000,1.000000,1.000000,1.000000,0.129412,0.215686,1.000000,1.000000,0.525490,0.309804,0.192157,0.121569,0.082353,0.054902,0.039216,0.023529,0.015686,0.011765,0.007843,0.003922,0.003922,0.000000,0.000000
271,4.516667,0.929412,0.929412,0.945098,0.956863,0.956863,0.992157,1.000000,1.000000,1.000000,1.000000,1.000000,0.098039,0.160784,1.000000,0.784314,0.396078,0.231373,0.145098,0.090196,0.062745,0.043137,0.027451,0.019608,0.011765,0.007843,0.003922,0.003922,0.000000,0.000000,0.000000
272,4.533333,0.701961,0.701961,0.713725,0.721569,0.721569,0.745098,0.800000,0.866667,1.000000,1.000000,1.000000,0.074510,0.121569,1.000000,0.592157,0.298039,0.176471,0.109804,0.070588,0.047059,0.031373,0.019608,0.011765,0.007843,0.003922,0.003922,0.000000,0.000000,0.000000,0.000000
273,4.550000,0.529412,0.529412,0.537255,0.545098,0.545098,0.564706,0.603922,0.654902,0.752941,0.964706,1.000000,0.054902,0.090196,1.000000,0.447059,0.223529,0.129412,0.082353,0.050980,0.035294,0.023529,0.015686,0.007843,0.007843,0.003922,0.000000,0.000000,0.000000,0.000000,0.000000
274,4.566667,0.407843,0.407843,0.411765,0.419608,0.419608,0.435294,0.466667,0.505882,0.580392,0.741176,0.976471,0.043137,0.070588,0.780392,0.345098,0.172549,0.101961,0.062745,0.039216,0.027451,0.015686,0.011765,0.007843,0.003922,0.003922,0.000000,0.000000,0.000000,0.000000,0.000000
275,4.583333,0.313725,0.313725,0.317647,0.321569,0.321569,0.333333,0.360784,0.388235,0.447059,0.572549,0.752941,0.031373,0.054902,0.603922,0.266667,0.133333,0.078431,0.047059,0.031373,0.019608,0.011765,0.007843,0.003922,0.003922,0.000000,0.000000,0.000000,0.000000,0.000000,0.000000
276,4.600000,0.243137,0.243137,0.247059,0.247059,0.247059,0.258824,0.274510,0.298039,0.345098,0.443137,0.580392,0.023529,0.039216,0.462745,0.203922,0.101961,0.058824,0.035294,0.023529,0.015686,0.007843,0.003922,0.003922,0.000000,0.000000,0.000000,0.000000,0.000000,0.000000,0.000000
277,4.616667,0.188235,0.188235,0.188235,0.192157,0.192157,0.200000,0.211765,0.231373,0.266667,0.341176,0.447059,0.019608,0.031373,0.356863,0.156863,0.078431,0.047059,0.027451,0.015686,0.011765,0.007843,0.003922,0.003922,0.000000,0.000000,0.000000,0.000000,0.000000,0.000000,0.000000
278,4.633333,0.145098,0.145098,0.145098,0.149020,0.149020,0.152941,0.164706,0.176471,0.203922,0.262745,0.345098,0.011765,0.023529,0.274510,0.121569,0.058824,0.035294,0.019608,0.011765,0.007843,0.003922,0.003922,0.000000,0.000000,0.000000,0.000000,0.000000,0.000000,0.000000,0.000000
279,4.650000,0.109804,0.109804,0.109804,0.113725,0.113725,0.117647,0.125490,0.137255,0.156863,0.200000,0.266667,0.011765,0.015686,0.211765,0.094118,0.047059,0.027451,0.015686,0.007843,0.003922,0.003922,0.000000,0.000000,0.000000,0.000000,0.000000,0.000000,0.000000,0.000000,0.000000
280,4.666667,0.086275,0.086275,0.086275,0.086275,0.086275,0.090196,0.098039,0.105882,0.121569,0.156863,0.203922,0.007843,0.011765,0.164706,0.070588,0.035294,0.019608,0.011765,0.007843,0.003922,0.003922,0.000000,0.000000,0.000000,0.000000,0.000000,0.000000,0.000000,0.000000,0.000000
281,4.683333,0.066667,0.066667,0.066667,0.066667,0.066667,0.070588,0.074510,0.078431,0.094118,0.117647,0.156863,0.003922,0.007843,0.125490,0.054902,0.027451,0.015686,0.007843,0.003922,0.003922,0.000000,0.000000,0.000000,0.000000,0.000000,0.000000,0.000000,0.000000,0.000000,0.000000
282,4.700000,0.050980,0.050980,0.050980,0.050980,0.050980,0.050980,0.054902,0.062745,0.070588,0.090196,0.121569,0.003922,0.007843,0.098039,0.043137,0.019608,0.011765,0.007843,0.003922,0.000000,0.000000,0.000000,0.000000,0.000000,0.000000,0.000000,0.000000,0.000000,0.000000,0.000000
283,4.716667,0.039216,0.039216,0.039216,0.039216,0.039216,0.039216,0.043137,0.047059,0.054902,0.070588,0.094118,0.003922,0.003922,0.074510,0.031373,0.015686,0.007843,0.003922,0.003922,0.000000,0.000000,0.000000,0.000000,0.000000,0.000000,0.000000,0.000000,0.000000,0.000000,0.000000
284,4.733333,0.027451,0.027451,0.027451,0.031373,0.031373,0.031373,0.031373,0.035294,0.043137,0.054902,0.070588,0.000000,0.003922,0.054902,0.023529,0.011765,0.003922,0.003922,0.000000,0.000000,0.000000,0.000000,0.000000,0.000000,0.000000,0.000000,0.000000,0.000000,0.000000,0.000000
285,4.750000,0.023529,0.023529,0.023529,0.023529,0.023529,0.023529,0.023529,0.027451,0.031373,0.039216,0.054902,0.000000,0.003922,0.043137,0.019608,0.007843,0.003922,0.000000,0.000000,0.000000,0.000000,0.000000,0.000000,0.000000,0.000000,0.000000,0.000000,0.000000,0.000000,0.000000
286,4.766667,0.015686,0.015686,0.015686,0.015686,0.015686,0.015686,0.019608,0.019608,0.023529,0.031373,0.043137,0.000000,0.000000,0.031373,0.011765,0.003922,0.003922,0.000000,0.000000,0.000000,0.000000,0.000000,0.000000,0.000000,0.000000,0.000000,0.000000,0.000000,0.000000,0.000000
287,4.783333,0.011765,0.011765,0.011765,0.011765,0.011765,0.011765,0.015686,0.015686,0.019608,0.023529,0.031373,0.000000,0.000000,0.023529,0.011765,0.003922,0.000000,0.000000,0.000000,0.000000,0.000000,0.000000,0.000000,0.000000,0.000000,0.000000,0.000000,0.000000,0.000000,0.000000
288,4.800000,0.007843,0.007843,0.007843,0.007843,0.007843,0.007843,0.011765,0.011765,0.011765,0.019608,0.023529,0.000000,0.000000,0.019608,0.007843,0.003922,0.000000,0.000000,0.000000,0.000000,0.000000,0.000000,0.000000,0.000000,0.000000,0.000000,0.000000,0.000000,0.000000,0.000000
289,4.816667,0.007843,0.007843,0.007843,0.007843,0.007843,0.007843,0.007843,0.007843,0.011765,0.011765,0.019608,0.000000,0.000000,0.015686,0.003922,0.000000,0.000000,0.000000,0.000000,0.000000,0.000000,0.000000,0.000000,0.000000,0.000000,0.000000,0.000000,0.000000,0.000000,0.000000
290,4.833333,0.003922,0.003922,0.003922,0.003922,0.003922,0.003922,0.003922,0.007843,0.007843,0.007843,0.011765,0.000000,0.000000,0.011765,0.003922,0.000000,0.000000,0.000000,0.000000,0.000000,0.000000,0.000000,0.000000,0.000000,0.000000,0.000000,0.000000,0.000000,0.000000,0.000000
291,4.850000,0.003922,0.003922,0.003922,0.003922,0.003922,0.003922,0.003922,0.003922,0.003922,0.007843,0.011765,0.000000,0.000000,0.007843,0.003922,0.000000,0.000000,0.000000,0.000000,0.000000,0.000000,0.000000,0.000000,0.000000,0.000000,0.000000,0.000000,0.000000,0.000000,0.000000
292,4.866667,0.000000,0.000000,0.000000,0.003922,0.003922,0.003922,0.003922,0.003922,0.003922,0.003922,0.007843,0.000000,0.000000,0.003922,0.000000,0.000000,0.000000,0.000000,0.000000,0.000000,0.000000,0.000000,0.000000,0.000000,0.000000,0.000000,0.000000,0.000000,0.000000,0.000000
293,4.883333,0.000000,0.000000,0.000000,0.000000,0.000000,0.000000,0.000000,0.000000,0.003922,0.003922,0.003922,0.000000,0.000000,0.003922,0.000000,0.000000,0.000000,0.000000,0.000000,0.000000,0.000000,0.000000,0.000000,0.000000,0.000000,0.000000,0.000000,0.000000,0.000000,0.000000
294,4.900000,0.000000,0.000000,0.000000,0.000000,0.000000,0.000000,0.000000,0.000000,0.000000,0.003922,0.003922,0.000000,0.000000,0.003922,0.000000,0.000000,0.000000,0.000000,0.000000,0.000000,0.000000,0.000000,0.000000,0.000000,0.000000,0.000000,0.000000,0.000000,0.000000,0.000000
295,4.916667,0.000000,0.000000,0.000000,0.000000,0.000000,0.000000,0.000000,0.000000,0.000000,0.000000,0.003922,0.000000,0.000000,0.000000,0.000000,0.000000,0.000000,0.000000,0.000000,0.000000,0.000000,0.000000,0.000000,0.000000,0.000000,0.000000,0.000000,0.000000,0.000000,0.000000
296,4.933333,0.000000,0.000000,0.000000,0.000000,0.000000,0.000000,0.000000,0.000000,0.000000,0.000000,0.000000,0.000000,0.000000,0.000000,0.000000,0.000000,0.000000,0.000000,0.000000,0.000000,0.000000,0.000000,0.000000,0.000000,0.000000,0.000000,0.000000,0.000000,0.000000,0.000000
297,4.950000,0.000000,0.000000,0.000000,0.000000,0.000000,0.000000,0.000000,0.000000,0.000000,0.000000,0.000000,0.000000,0.000000,0.000000,0.000000,0.000000,0.000000,0.000000,0.000000,0.000000,0.000000,0.000000,0.000000,0.000000,0.000000,0.000000,0.000000,0.000000,0.000000,0.000000
298,4.966667,0.000000,0.000000,0.000000,0.000000,0.000000,0.000000,0.000000,0.000000,0.000000,0.000000,0.000000,0.000000,0.000000,0.000000,0.000000,0.000000,0.000000,0.000000,0.000000,0.000000,0.000000,0.000000,0.000000,0.000000,0.000000,0.000000,0.000000,0.000000,0.000000,0.000000
299,4.983333,0.000000,0.000000,0.000000,0.000000,0.000000,0.000000,0.000000,0.000000,0.000000,0.000000,0.000000,0.000000,0.000000,0.000000,0.000000,0.000000,0.000000,0.000000,0.000000,0.000000,0.000000,0.000000,0.000000,0.000000,0.000000,0.000000,0.000000,0.000000,0.000000,0.000000
